review_id,event_id,reviewer,verdict,notes,review_version,reviewed_at,detector_correct,liquidity_level_clear,sweep_clear,confirmation_clear,reviewer_score,reviewer_comment,source,level_type,detector_pass,is_confirmed,confirmation_delay_bars,confirmation_type,confirmation_strength
R2-LVL-000561,LVL-000561,agent_5,incorrect,round2 source=level_sweep; level_type=prev_day; primary_outcome=sl; exit=stop; wick_ratio=0.06600660066004409; penetration_atr=0.31606618215556537; reclaim_atr=-0.22947270759242847; level_id=prev_day_high_894; bars_held=1.0; net_result_r=-1.0; level-sweep row (confirmation check n/a by design); review=new-level penetration fails the baseline sweep-quality rules (penetration band / wick / close reclaim) - false-positive candidate,2,2026-09-02T13:31:07+00:00,no,no,no,n/a,29,new-level penetration fails the baseline sweep-quality rules (penetration band / wick / close reclaim) - false-positive candidate,level_sweep,prev_day,False,False,,,
R2-LVL-002241,LVL-002241,agent_5,incorrect,round2 source=level_sweep; level_type=equal; primary_outcome=sl; exit=stop; wick_ratio=0.3795309168443394; penetration_atr=0.8984514592019025; reclaim_atr=-0.1563430613460407; level_id=equal_low_3741; bars_held=6.0; net_result_r=-1.0; level-sweep row (confirmation check n/a by design); review=new-level penetration fails the baseline sweep-quality rules (penetration band / wick / close reclaim) - false-positive candidate,2,2026-09-02T13:31:07+00:00,no,no,no,n/a,59,new-level penetration fails the baseline sweep-quality rules (penetration band / wick / close reclaim) - false-positive candidate,level_sweep,equal,False,False,,,
R2-LVL-002898,LVL-002898,agent_5,correct,round2 source=level_sweep; level_type=equal; primary_outcome=tp; exit=target; wick_ratio=0.5769230769230559; penetration_atr=0.2317469701449123; reclaim_atr=0.339343777712062; level_id=equal_high_5111; bars_held=1.0; net_result_r=2.0; level-sweep row (confirmation check n/a by design); review=textbook sweep: clean directional wick with clear penetration,2,2026-09-02T13:31:07+00:00,yes,yes,yes,n/a,47,textbook sweep: clean directional wick with clear penetration,level_sweep,equal,True,False,,,
R2-LVL-003144,LVL-003144,agent_5,incorrect,round2 source=level_sweep; level_type=swing; primary_outcome=sl; exit=stop; wick_ratio=0.09090909090901038; penetration_atr=0.5728314238952311; reclaim_atr=-0.49263502454997166; level_id=swing_low_5559; bars_held=1.0; net_result_r=-1.0; level-sweep row (confirmation check n/a by design); review=new-level penetration fails the baseline sweep-quality rules (penetration band / wick / close reclaim) - false-positive candidate,2,2026-09-02T13:31:07+00:00,no,no,no,n/a,45,new-level penetration fails the baseline sweep-quality rules (penetration band / wick / close reclaim) - false-positive candidate,level_sweep,swing,False,False,,,
R2-LVL-004033,LVL-004033,agent_5,incorrect,round2 source=level_sweep; level_type=swing; primary_outcome=sl; exit=stop; wick_ratio=0.21634615384618328; penetration_atr=0.1943600867678576; reclaim_atr=0.07895878524952414; level_id=swing_low_7016; bars_held=1.0; net_result_r=-1.0; level-sweep row (confirmation check n/a by design); review=new-level penetration fails the baseline sweep-quality rules (penetration band / wick / close reclaim) - false-positive candidate,2,2026-09-02T13:31:07+00:00,no,no,no,n/a,26,new-level penetration fails the baseline sweep-quality rules (penetration band / wick / close reclaim) - false-positive candidate,level_sweep,swing,False,False,,,
R2-LVL-004399,LVL-004399,agent_5,incorrect,round2 source=level_sweep; level_type=equal; primary_outcome=sl; exit=stop; wick_ratio=0.31986531986533223; penetration_atr=0.4200253027291013; reclaim_atr=-0.1796493764684714; level_id=equal_high_7736; bars_held=1.0; net_result_r=-1.0; level-sweep row (confirmation check n/a by design); review=new-level penetration fails the baseline sweep-quality rules (penetration band / wick / close reclaim) - false-positive candidate,2,2026-09-02T13:31:07+00:00,no,no,no,n/a,50,new-level penetration fails the baseline sweep-quality rules (penetration band / wick / close reclaim) - false-positive candidate,level_sweep,equal,False,False,,,
R2-LVL-004828,LVL-004828,agent_5,incorrect,round2 source=level_sweep; level_type=prev_day; primary_outcome=sl; exit=stop; wick_ratio=0.24663677130045117; penetration_atr=0.22487379531890028; reclaim_atr=0.12849931161086275; level_id=prev_day_low_8408; bars_held=1.0; net_result_r=-1.0; level-sweep row (confirmation check n/a by design); review=new-level penetration fails the baseline sweep-quality rules (penetration band / wick / close reclaim) - false-positive candidate,2,2026-09-02T13:31:07+00:00,no,no,no,n/a,30,new-level penetration fails the baseline sweep-quality rules (penetration band / wick / close reclaim) - false-positive candidate,level_sweep,prev_day,False,False,,,
R2-LVL-004909,LVL-004909,agent_5,incorrect,round2 source=level_sweep; level_type=equal; primary_outcome=sl; exit=stop; wick_ratio=0.26943005181348495; penetration_atr=0.19015889287543877; reclaim_atr=-0.0035879036391561437; level_id=equal_low_8518; bars_held=1.0; net_result_r=-1.0; level-sweep row (confirmation check n/a by design); review=new-level penetration fails the baseline sweep-quality rules (penetration band / wick / close reclaim) - false-positive candidate,2,2026-09-02T13:31:07+00:00,no,no,no,n/a,29,new-level penetration fails the baseline sweep-quality rules (penetration band / wick / close reclaim) - false-positive candidate,level_sweep,equal,False,False,,,
R2-LVL-004941,LVL-004941,agent_5,incorrect,round2 source=level_sweep; level_type=equal; primary_outcome=sl; exit=stop; wick_ratio=0.10467479674796316; penetration_atr=0.7933042212518019; reclaim_atr=-0.4934497816593756; level_id=equal_low_8482; bars_held=1.0; net_result_r=-1.0; level-sweep row (confirmation check n/a by design); review=new-level penetration fails the baseline sweep-quality rules (penetration band / wick / close reclaim) - false-positive candidate,2,2026-09-02T13:31:07+00:00,no,no,no,n/a,45,new-level penetration fails the baseline sweep-quality rules (penetration band / wick / close reclaim) - false-positive candidate,level_sweep,equal,False,False,,,
R2-LVL-005018,LVL-005018,agent_5,incorrect,round2 source=level_sweep; level_type=swing; primary_outcome=sl; exit=stop; wick_ratio=0.03320381490638746; penetration_atr=1.698784870785547; reclaim_atr=-1.4735581037138774; level_id=swing_low_7866; bars_held=1.0; net_result_r=-1.0; level-sweep row (confirmation check n/a by design); review=new-level penetration fails the baseline sweep-quality rules (penetration band / wick / close reclaim) - false-positive candidate,2,2026-09-02T13:31:07+00:00,no,no,no,n/a,42,new-level penetration fails the baseline sweep-quality rules (penetration band / wick / close reclaim) - false-positive candidate,level_sweep,swing,False,False,,,
R2-LVL-005163,LVL-005163,agent_5,incorrect,round2 source=level_sweep; level_type=swing; primary_outcome=sl; exit=stop; wick_ratio=0.1484184914841642; penetration_atr=0.4190421892816301; reclaim_atr=-0.1755986316989982; level_id=swing_low_9004; bars_held=1.0; net_result_r=-1.0; level-sweep row (confirmation check n/a by design); review=new-level penetration fails the baseline sweep-quality rules (penetration band / wick / close reclaim) - false-positive candidate,2,2026-09-02T13:31:07+00:00,no,no,no,n/a,41,new-level penetration fails the baseline sweep-quality rules (penetration band / wick / close reclaim) - false-positive candidate,level_sweep,swing,False,False,,,
R2-LVL-005180,LVL-005180,agent_5,ambiguous,round2 source=level_sweep; level_type=prev_day; primary_outcome=sl; exit=stop; wick_ratio=0.45161290322575914; penetration_atr=0.14038997214472054; reclaim_atr=0.40557103064065847; level_id=prev_day_low_9052; bars_held=1.0; net_result_r=-1.0; level-sweep row (confirmation check n/a by design); review=between clean and marginal thresholds; human review required,2,2026-09-02T13:31:07+00:00,maybe,maybe,maybe,n/a,34,between clean and marginal thresholds; human review required,level_sweep,prev_day,True,False,,,
R2-LVL-005293,LVL-005293,agent_5,ambiguous,round2 source=level_sweep; level_type=prev_day; primary_outcome=ambiguous; exit=ambiguous; wick_ratio=0.0; penetration_atr=0.7295434969853929; reclaim_atr=-0.7295434969853929; level_id=prev_day_low_9236; bars_held=1.0; net_result_r=nan; level-sweep row (confirmation check n/a by design); review=TP and SL inside the same candle: intrabar order unknown; human review required,2,2026-09-02T13:31:07+00:00,maybe,maybe,maybe,n/a,40,TP and SL inside the same candle: intrabar order unknown; human review required,level_sweep,prev_day,False,False,,,
R2-LVL-007916,LVL-007916,agent_5,incorrect,round2 source=level_sweep; level_type=equal; primary_outcome=tp; exit=target; wick_ratio=0.39735099337742563; penetration_atr=0.2985781990520518; reclaim_atr=0.19905213270143074; level_id=equal_low_13416; bars_held=1.0; net_result_r=2.0; level-sweep row (confirmation check n/a by design); review=marginal pattern: tiny wick/penetration candidate for spread noise,2,2026-09-02T13:31:07+00:00,no,no,no,n/a,44,marginal pattern: tiny wick/penetration candidate for spread noise,level_sweep,equal,True,False,,,
R2-LVL-007957,LVL-007957,agent_5,correct,round2 source=level_sweep; level_type=equal; primary_outcome=sl; exit=stop; wick_ratio=0.883620689655177; penetration_atr=0.4086793630970817; reclaim_atr=0.5529191383078924; level_id=equal_high_13495; bars_held=1.0; net_result_r=-1.0; level-sweep row (confirmation check n/a by design); review=textbook sweep: clean directional wick with clear penetration,2,2026-09-02T13:31:07+00:00,yes,yes,yes,n/a,77,textbook sweep: clean directional wick with clear penetration,level_sweep,equal,True,False,,,
R2-LVL-008884,LVL-008884,agent_5,correct,round2 source=level_sweep; level_type=swing; primary_outcome=sl; exit=stop; wick_ratio=0.556135770235026; penetration_atr=0.49982998979935717; reclaim_atr=0.5141108466508633; level_id=swing_low_15032; bars_held=1.0; net_result_r=-1.0; level-sweep row (confirmation check n/a by design); review=textbook sweep: clean directional wick with clear penetration,2,2026-09-02T13:31:07+00:00,yes,yes,yes,n/a,68,textbook sweep: clean directional wick with clear penetration,level_sweep,swing,True,False,,,
R2-LVL-009721,LVL-009721,agent_5,incorrect,round2 source=level_sweep; level_type=prev_day; primary_outcome=sl; exit=stop; wick_ratio=0.48420533070088595; penetration_atr=0.018421052631562098; reclaim_atr=2.9289473684210066; level_id=prev_day_low_16563; bars_held=3.0; net_result_r=-1.0; level-sweep row (confirmation check n/a by design); review=new-level penetration fails the baseline sweep-quality rules (penetration band / wick / close reclaim) - false-positive candidate,2,2026-09-02T13:31:07+00:00,no,no,no,n/a,26,new-level penetration fails the baseline sweep-quality rules (penetration band / wick / close reclaim) - false-positive candidate,level_sweep,prev_day,False,False,,,
R2-LVL-009983,LVL-009983,agent_5,correct,round2 source=level_sweep; level_type=equal; primary_outcome=time; exit=time; wick_ratio=0.7528089887640105; penetration_atr=0.17515274949086035; reclaim_atr=0.48472505091642487; level_id=equal_low_17053; bars_held=16.0; net_result_r=1.179308496381765; level-sweep row (confirmation check n/a by design); review=textbook sweep: clean directional wick with clear penetration,2,2026-09-02T13:31:07+00:00,yes,yes,yes,n/a,52,textbook sweep: clean directional wick with clear penetration,level_sweep,equal,True,False,,,
R2-LVL-010332,LVL-010332,agent_5,incorrect,round2 source=level_sweep; level_type=equal; primary_outcome=sl; exit=stop; wick_ratio=0.019417475728138196; penetration_atr=0.424564063684719; reclaim_atr=-0.4033358605005072; level_id=equal_low_17648; bars_held=1.0; net_result_r=-1.0; level-sweep row (confirmation check n/a by design); review=new-level penetration fails the baseline sweep-quality rules (penetration band / wick / close reclaim) - false-positive candidate,2,2026-09-02T13:31:07+00:00,no,no,no,n/a,35,new-level penetration fails the baseline sweep-quality rules (penetration band / wick / close reclaim) - false-positive candidate,level_sweep,equal,False,False,,,
R2-LVL-010901,LVL-010901,agent_5,incorrect,round2 source=level_sweep; level_type=prev_day; primary_outcome=sl; exit=stop; wick_ratio=0.4657534246575496; penetration_atr=0.06857942617217526; reclaim_atr=0.5976207137858569; level_id=prev_day_high_16003; bars_held=2.0; net_result_r=-1.0; level-sweep row (confirmation check n/a by design); review=marginal pattern: tiny wick/penetration candidate for spread noise,2,2026-09-02T13:31:07+00:00,no,no,no,n/a,29,marginal pattern: tiny wick/penetration candidate for spread noise,level_sweep,prev_day,True,False,,,
R2-LVL-011494,LVL-011494,agent_5,ambiguous,round2 source=level_sweep; level_type=swing; primary_outcome=sl; exit=stop; wick_ratio=0.4751773049645207; penetration_atr=0.20280948200171145; reclaim_atr=0.6207199297629451; level_id=swing_high_19492; bars_held=2.0; net_result_r=-1.0; level-sweep row (confirmation check n/a by design); review=between clean and marginal thresholds; human review required,2,2026-09-02T13:31:07+00:00,maybe,maybe,maybe,n/a,40,between clean and marginal thresholds; human review required,level_sweep,swing,True,False,,,
R2-LVL-011513,LVL-011513,agent_5,incorrect,round2 source=level_sweep; level_type=prev_day; primary_outcome=sl; exit=stop; wick_ratio=0.3064182194617061; penetration_atr=0.22725450901802138; reclaim_atr=0.18797595190382854; level_id=prev_day_high_19313; bars_held=1.0; net_result_r=-1.0; level-sweep row (confirmation check n/a by design); review=new-level penetration fails the baseline sweep-quality rules (penetration band / wick / close reclaim) - false-positive candidate,2,2026-09-02T13:31:07+00:00,no,no,no,n/a,34,new-level penetration fails the baseline sweep-quality rules (penetration band / wick / close reclaim) - false-positive candidate,level_sweep,prev_day,False,False,,,
R2-LVL-011656,LVL-011656,agent_5,incorrect,round2 source=level_sweep; level_type=swing; primary_outcome=sl; exit=stop; wick_ratio=0.35679611650485077; penetration_atr=0.09345200254292772; reclaim_atr=1.4195804195804425; level_id=swing_high_19766; bars_held=3.0; net_result_r=-1.0; level-sweep row (confirmation check n/a by design); review=marginal pattern: tiny wick/penetration candidate for spread noise,2,2026-09-02T13:31:07+00:00,no,no,no,n/a,25,marginal pattern: tiny wick/penetration candidate for spread noise,level_sweep,swing,True,False,,,
R2-LVL-012422,LVL-012422,agent_5,incorrect,round2 source=level_sweep; level_type=equal; primary_outcome=sl; exit=stop; wick_ratio=0.19230769230769904; penetration_atr=1.623802319717592; reclaim_atr=-1.094301563287932; level_id=equal_high_21039; bars_held=2.0; net_result_r=-1.0; level-sweep row (confirmation check n/a by design); review=new-level penetration fails the baseline sweep-quality rules (penetration band / wick / close reclaim) - false-positive candidate,2,2026-09-02T13:31:07+00:00,no,no,no,n/a,50,new-level penetration fails the baseline sweep-quality rules (penetration band / wick / close reclaim) - false-positive candidate,level_sweep,equal,False,False,,,
R2-LVL-013068,LVL-013068,agent_5,incorrect,round2 source=level_sweep; level_type=prev_day; primary_outcome=sl; exit=stop; wick_ratio=0.25714285714285096; penetration_atr=0.2558375634517109; reclaim_atr=1.4071065989848137; level_id=prev_day_low_22257; bars_held=4.0; net_result_r=-1.0; level-sweep row (confirmation check n/a by design); review=new-level penetration fails the baseline sweep-quality rules (penetration band / wick / close reclaim) - false-positive candidate,2,2026-09-02T13:31:07+00:00,no,no,no,n/a,33,new-level penetration fails the baseline sweep-quality rules (penetration band / wick / close reclaim) - false-positive candidate,level_sweep,prev_day,False,False,,,
R2-LVL-013525,LVL-013525,agent_5,incorrect,round2 source=level_sweep; level_type=swing; primary_outcome=tp; exit=target; wick_ratio=0.5623409669211198; penetration_atr=0.9202733485193534; reclaim_atr=0.0865603644647173; level_id=swing_high_22789; bars_held=3.0; net_result_r=2.0; level-sweep row (confirmation check n/a by design); review=new-level penetration fails the baseline sweep-quality rules (penetration band / wick / close reclaim) - false-positive candidate,2,2026-09-02T13:31:07+00:00,no,no,no,n/a,68,new-level penetration fails the baseline sweep-quality rules (penetration band / wick / close reclaim) - false-positive candidate,level_sweep,swing,False,False,,,
R2-LVL-014378,LVL-014378,agent_5,incorrect,round2 source=level_sweep; level_type=equal; primary_outcome=sl; exit=stop; wick_ratio=0.3466666666668061; penetration_atr=0.167785234899432; reclaim_atr=0.32885906040264257; level_id=equal_low_24462; bars_held=6.0; net_result_r=-1.0; level-sweep row (confirmation check n/a by design); review=new-level penetration fails the baseline sweep-quality rules (penetration band / wick / close reclaim) - false-positive candidate,2,2026-09-02T13:31:07+00:00,no,no,no,n/a,31,new-level penetration fails the baseline sweep-quality rules (penetration band / wick / close reclaim) - false-positive candidate,level_sweep,equal,False,False,,,
R2-LVL-014612,LVL-014612,agent_5,incorrect,round2 source=level_sweep; level_type=prev_day; primary_outcome=sl; exit=stop; wick_ratio=0.3487394957983157; penetration_atr=1.1306081754736035; reclaim_atr=0.02791625124623569; level_id=prev_day_low_24813; bars_held=1.0; net_result_r=-1.0; level-sweep row (confirmation check n/a by design); review=new-level penetration fails the baseline sweep-quality rules (penetration band / wick / close reclaim) - false-positive candidate,2,2026-09-02T13:31:07+00:00,no,no,no,n/a,57,new-level penetration fails the baseline sweep-quality rules (penetration band / wick / close reclaim) - false-positive candidate,level_sweep,prev_day,False,False,,,
R2-LVL-016383,LVL-016383,agent_5,incorrect,round2 source=level_sweep; level_type=swing; primary_outcome=sl; exit=stop; wick_ratio=0.4854368932038964; penetration_atr=0.06835937499993928; reclaim_atr=0.273437500000068; level_id=swing_low_27719; bars_held=2.0; net_result_r=-1.0; level-sweep row (confirmation check n/a by design); review=marginal pattern: tiny wick/penetration candidate for spread noise,2,2026-09-02T13:31:07+00:00,no,no,no,n/a,30,marginal pattern: tiny wick/penetration candidate for spread noise,level_sweep,swing,True,False,,,
R2-LVL-016446,LVL-016446,agent_5,ambiguous,round2 source=level_sweep; level_type=swing; primary_outcome=ambiguous; exit=ambiguous; wick_ratio=0.035294117647027355; penetration_atr=0.6861810755616194; reclaim_atr=-0.6004084411164983; level_id=swing_high_27811; bars_held=1.0; net_result_r=nan; level-sweep row (confirmation check n/a by design); review=TP and SL inside the same candle: intrabar order unknown; human review required,2,2026-09-02T13:31:07+00:00,maybe,maybe,maybe,n/a,42,TP and SL inside the same candle: intrabar order unknown; human review required,level_sweep,swing,False,False,,,
R2-LVL-017044,LVL-017044,agent_5,correct,round2 source=level_sweep; level_type=prev_day; primary_outcome=sl; exit=stop; wick_ratio=0.6928571428572299; penetration_atr=0.1988459831335603; reclaim_atr=0.4039059032401813; level_id=prev_day_high_28667; bars_held=1.0; net_result_r=-1.0; level-sweep row (confirmation check n/a by design); review=textbook sweep: clean directional wick with clear penetration,2,2026-09-02T13:31:07+00:00,yes,yes,yes,n/a,51,textbook sweep: clean directional wick with clear penetration,level_sweep,prev_day,True,False,,,
R2-LVL-017445,LVL-017445,agent_5,correct,round2 source=level_sweep; level_type=equal; primary_outcome=sl; exit=stop; wick_ratio=0.6666666666666666; penetration_atr=0.42246437552376165; reclaim_atr=0.18776194467737561; level_id=equal_high_29465; bars_held=1.0; net_result_r=-1.0; level-sweep row (confirmation check n/a by design); review=textbook sweep: clean directional wick with clear penetration,2,2026-09-02T13:31:07+00:00,yes,yes,yes,n/a,67,textbook sweep: clean directional wick with clear penetration,level_sweep,equal,True,False,,,
R2-LVL-019550,LVL-019550,agent_5,incorrect,round2 source=level_sweep; level_type=equal; primary_outcome=sl; exit=stop; wick_ratio=0.389204545454538; penetration_atr=1.2139520867861757; reclaim_atr=-0.3469941238511343; level_id=equal_high_27457; bars_held=2.0; net_result_r=-1.0; level-sweep row (confirmation check n/a by design); review=new-level penetration fails the baseline sweep-quality rules (penetration band / wick / close reclaim) - false-positive candidate,2,2026-09-02T13:31:07+00:00,no,no,no,n/a,59,new-level penetration fails the baseline sweep-quality rules (penetration band / wick / close reclaim) - false-positive candidate,level_sweep,equal,False,False,,,
R2-LVL-019731,LVL-019731,agent_5,incorrect,round2 source=level_sweep; level_type=swing; primary_outcome=sl; exit=stop; wick_ratio=0.39839572192513517; penetration_atr=0.41269841269840124; reclaim_atr=0.3756613756613976; level_id=swing_low_33077; bars_held=3.0; net_result_r=-1.0; level-sweep row (confirmation check n/a by design); review=marginal pattern: tiny wick/penetration candidate for spread noise,2,2026-09-02T13:31:07+00:00,no,no,no,n/a,53,marginal pattern: tiny wick/penetration candidate for spread noise,level_sweep,swing,True,False,,,
R2-LVL-020582,LVL-020582,agent_5,ambiguous,round2 source=level_sweep; level_type=equal; primary_outcome=ambiguous; exit=ambiguous; wick_ratio=0.631868131868079; penetration_atr=0.32565637954851834; reclaim_atr=0.4159373560571041; level_id=equal_low_34486; bars_held=1.0; net_result_r=nan; level-sweep row (confirmation check n/a by design); review=TP and SL inside the same candle: intrabar order unknown; human review required,2,2026-09-02T13:31:07+00:00,maybe,maybe,maybe,n/a,58,TP and SL inside the same candle: intrabar order unknown; human review required,level_sweep,equal,True,False,,,
R2-LVL-020791,LVL-020791,agent_5,incorrect,round2 source=level_sweep; level_type=equal; primary_outcome=tp; exit=target; wick_ratio=0.10367892976594377; penetration_atr=1.9611908559279372; reclaim_atr=-1.7304625199363057; level_id=equal_high_34622; bars_held=1.0; net_result_r=2.0; level-sweep row (confirmation check n/a by design); review=new-level penetration fails the baseline sweep-quality rules (penetration band / wick / close reclaim) - false-positive candidate,2,2026-09-02T13:31:07+00:00,no,no,no,n/a,45,new-level penetration fails the baseline sweep-quality rules (penetration band / wick / close reclaim) - false-positive candidate,level_sweep,equal,False,False,,,
R2-LVL-021449,LVL-021449,agent_5,incorrect,round2 source=level_sweep; level_type=prev_day; primary_outcome=sl; exit=stop; wick_ratio=0.2608247422680433; penetration_atr=1.5151515151515211; reclaim_atr=-0.4929292929293059; level_id=prev_day_high_35902; bars_held=1.0; net_result_r=-1.0; level-sweep row (confirmation check n/a by design); review=new-level penetration fails the baseline sweep-quality rules (penetration band / wick / close reclaim) - false-positive candidate,2,2026-09-02T13:31:07+00:00,no,no,no,n/a,53,new-level penetration fails the baseline sweep-quality rules (penetration band / wick / close reclaim) - false-positive candidate,level_sweep,prev_day,False,False,,,
R2-LVL-023344,LVL-023344,agent_5,incorrect,round2 source=level_sweep; level_type=equal; primary_outcome=tp; exit=target; wick_ratio=0.4699999999999818; penetration_atr=1.7352350341502905; reclaim_atr=-0.41341904379276156; level_id=equal_high_39163; bars_held=15.0; net_result_r=2.0; level-sweep row (confirmation check n/a by design); review=new-level penetration fails the baseline sweep-quality rules (penetration band / wick / close reclaim) - false-positive candidate,2,2026-09-02T13:31:07+00:00,no,no,no,n/a,63,new-level penetration fails the baseline sweep-quality rules (penetration band / wick / close reclaim) - false-positive candidate,level_sweep,equal,False,False,,,
R2-LVL-025112,LVL-025112,agent_5,incorrect,round2 source=level_sweep; level_type=swing; primary_outcome=tp; exit=target; wick_ratio=0.1791666666666864; penetration_atr=0.8458523840626405; reclaim_atr=-0.45264532984965977; level_id=swing_high_42181; bars_held=2.0; net_result_r=2.0; level-sweep row (confirmation check n/a by design); review=new-level penetration fails the baseline sweep-quality rules (penetration band / wick / close reclaim) - false-positive candidate,2,2026-09-02T13:31:07+00:00,no,no,no,n/a,49,new-level penetration fails the baseline sweep-quality rules (penetration band / wick / close reclaim) - false-positive candidate,level_sweep,swing,False,False,,,
R2-LVL-025574,LVL-025574,agent_5,incorrect,round2 source=level_sweep; level_type=swing; primary_outcome=sl; exit=stop; wick_ratio=0.11794871794873141; penetration_atr=0.9285555308257286; reclaim_atr=-0.6418873803694425; level_id=swing_high_42647; bars_held=1.0; net_result_r=-1.0; level-sweep row (confirmation check n/a by design); review=new-level penetration fails the baseline sweep-quality rules (penetration band / wick / close reclaim) - false-positive candidate,2,2026-09-02T13:31:07+00:00,no,no,no,n/a,46,new-level penetration fails the baseline sweep-quality rules (penetration band / wick / close reclaim) - false-positive candidate,level_sweep,swing,False,False,,,
R2-LVL-026235,LVL-026235,agent_5,incorrect,round2 source=level_sweep; level_type=swing; primary_outcome=tp; exit=target; wick_ratio=0.06880733944951385; penetration_atr=0.407108239095289; reclaim_atr=-0.23747980613897574; level_id=swing_low_44199; bars_held=1.0; net_result_r=2.0; level-sweep row (confirmation check n/a by design); review=new-level penetration fails the baseline sweep-quality rules (penetration band / wick / close reclaim) - false-positive candidate,2,2026-09-02T13:31:07+00:00,no,no,no,n/a,36,new-level penetration fails the baseline sweep-quality rules (penetration band / wick / close reclaim) - false-positive candidate,level_sweep,swing,False,False,,,
R2-LVL-026654,LVL-026654,agent_5,ambiguous,round2 source=level_sweep; level_type=swing; primary_outcome=sl; exit=stop; wick_ratio=0.41966426858517036; penetration_atr=0.3855540897096752; reclaim_atr=0.01846965699217266; level_id=swing_high_44998; bars_held=3.0; net_result_r=-1.0; level-sweep row (confirmation check n/a by design); review=between clean and marginal thresholds; human review required,2,2026-09-02T13:31:07+00:00,maybe,maybe,maybe,n/a,52,between clean and marginal thresholds; human review required,level_sweep,swing,True,False,,,
R2-LVL-026731,LVL-026731,agent_5,correct,round2 source=level_sweep; level_type=swing; primary_outcome=sl; exit=stop; wick_ratio=0.90079365079365; penetration_atr=0.39729729729736735; reclaim_atr=0.7945945945945196; level_id=swing_low_45177; bars_held=2.0; net_result_r=-1.0; level-sweep row (confirmation check n/a by design); review=textbook sweep: clean directional wick with clear penetration,2,2026-09-02T13:31:07+00:00,yes,yes,yes,n/a,77,textbook sweep: clean directional wick with clear penetration,level_sweep,swing,True,False,,,
R2-LVL-026995,LVL-026995,agent_5,incorrect,round2 source=level_sweep; level_type=prev_day; primary_outcome=tp; exit=target; wick_ratio=0.5158850226929264; penetration_atr=1.7456931911404463; reclaim_atr=0.21246923707950188; level_id=prev_day_low_45633; bars_held=6.0; net_result_r=2.0; level-sweep row (confirmation check n/a by design); review=new-level penetration fails the baseline sweep-quality rules (penetration band / wick / close reclaim) - false-positive candidate,2,2026-09-02T13:31:07+00:00,no,no,no,n/a,66,new-level penetration fails the baseline sweep-quality rules (penetration band / wick / close reclaim) - false-positive candidate,level_sweep,prev_day,False,False,,,
R2-LVL-029011,LVL-029011,agent_5,correct,round2 source=level_sweep; level_type=swing; primary_outcome=time; exit=time; wick_ratio=0.8496732026143868; penetration_atr=0.21433542101580547; reclaim_atr=1.0716771050803564; level_id=swing_low_48910; bars_held=16.0; net_result_r=0.35394650351424745; level-sweep row (confirmation check n/a by design); review=textbook sweep: clean directional wick with clear penetration,2,2026-09-02T13:31:07+00:00,yes,yes,yes,n/a,60,textbook sweep: clean directional wick with clear penetration,level_sweep,swing,True,False,,,
R2-LVL-030492,LVL-030492,agent_5,ambiguous,round2 source=level_sweep; level_type=prev_day; primary_outcome=ambiguous; exit=ambiguous; wick_ratio=0.015503875968978585; penetration_atr=1.2674094707520307; reclaim_atr=-1.2339832869080494; level_id=prev_day_high_51308; bars_held=1.0; net_result_r=nan; level-sweep row (confirmation check n/a by design); review=TP and SL inside the same candle: intrabar order unknown; human review required,2,2026-09-02T13:31:07+00:00,maybe,maybe,maybe,n/a,41,TP and SL inside the same candle: intrabar order unknown; human review required,level_sweep,prev_day,False,False,,,
R2-LVL-031225,LVL-031225,agent_5,ambiguous,round2 source=level_sweep; level_type=equal; primary_outcome=tp; exit=target; wick_ratio=0.4625550660792788; penetration_atr=0.47397769516713567; reclaim_atr=0.3066914498142179; level_id=equal_low_52506; bars_held=1.0; net_result_r=2.0; level-sweep row (confirmation check n/a by design); review=between clean and marginal thresholds; human review required,2,2026-09-02T13:31:07+00:00,maybe,maybe,maybe,n/a,61,between clean and marginal thresholds; human review required,level_sweep,equal,True,False,,,
R2-LVL-031361,LVL-031361,agent_5,incorrect,round2 source=level_sweep; level_type=prev_day; primary_outcome=sl; exit=stop; wick_ratio=0.252225519287815; penetration_atr=0.3080198722497751; reclaim_atr=0.11426543647978445; level_id=prev_day_high_52772; bars_held=1.0; net_result_r=-1.0; level-sweep row (confirmation check n/a by design); review=new-level penetration fails the baseline sweep-quality rules (penetration band / wick / close reclaim) - false-positive candidate,2,2026-09-02T13:31:07+00:00,no,no,no,n/a,37,new-level penetration fails the baseline sweep-quality rules (penetration band / wick / close reclaim) - false-positive candidate,level_sweep,prev_day,False,False,,,
R2-LVL-031769,LVL-031769,agent_5,ambiguous,round2 source=level_sweep; level_type=swing; primary_outcome=ambiguous; exit=ambiguous; wick_ratio=0.2346938775510346; penetration_atr=0.1701003697834234; reclaim_atr=0.0; level_id=swing_high_53564; bars_held=1.0; net_result_r=nan; level-sweep row (confirmation check n/a by design); review=TP and SL inside the same candle: intrabar order unknown; human review required,2,2026-09-02T13:31:07+00:00,maybe,maybe,maybe,n/a,25,TP and SL inside the same candle: intrabar order unknown; human review required,level_sweep,swing,False,False,,,
R2-LVL-032091,LVL-032091,agent_5,incorrect,round2 source=level_sweep; level_type=prev_day; primary_outcome=sl; exit=stop; wick_ratio=0.7473903966596982; penetration_atr=1.4874371859297084; reclaim_atr=0.9045226130654435; level_id=prev_day_high_54142; bars_held=10.0; net_result_r=-1.0; level-sweep row (confirmation check n/a by design); review=new-level penetration fails the baseline sweep-quality rules (penetration band / wick / close reclaim) - false-positive candidate,2,2026-09-02T13:31:07+00:00,no,no,no,n/a,77,new-level penetration fails the baseline sweep-quality rules (penetration band / wick / close reclaim) - false-positive candidate,level_sweep,prev_day,False,False,,,
R2-LVL-033114,LVL-033114,agent_5,ambiguous,round2 source=level_sweep; level_type=prev_day; primary_outcome=sl; exit=stop; wick_ratio=0.46611341632086895; penetration_atr=0.12310151878498515; reclaim_atr=0.8197442046362309; level_id=prev_day_high_55714; bars_held=4.0; net_result_r=-1.0; level-sweep row (confirmation check n/a by design); review=between clean and marginal thresholds; human review required,2,2026-09-02T13:31:07+00:00,maybe,maybe,maybe,n/a,33,between clean and marginal thresholds; human review required,level_sweep,prev_day,True,False,,,
R2-LVL-034062,LVL-034062,agent_5,ambiguous,round2 source=level_sweep; level_type=swing; primary_outcome=sl; exit=stop; wick_ratio=0.9591503267973879; penetration_atr=0.12289942312512375; reclaim_atr=2.026084775520577; level_id=swing_low_57521; bars_held=9.0; net_result_r=-1.0; level-sweep row (confirmation check n/a by design); review=between clean and marginal thresholds; human review required,2,2026-09-02T13:31:07+00:00,maybe,maybe,maybe,n/a,58,between clean and marginal thresholds; human review required,level_sweep,swing,True,False,,,
R2-LVL-036390,LVL-036390,agent_5,incorrect,round2 source=level_sweep; level_type=swing; primary_outcome=tp; exit=target; wick_ratio=0.22807017543859928; penetration_atr=0.07158351409986548; reclaim_atr=0.06941431670275638; level_id=swing_low_61260; bars_held=1.0; net_result_r=2.0; level-sweep row (confirmation check n/a by design); review=new-level penetration fails the baseline sweep-quality rules (penetration band / wick / close reclaim) - false-positive candidate,2,2026-09-02T13:31:07+00:00,no,no,no,n/a,17,new-level penetration fails the baseline sweep-quality rules (penetration band / wick / close reclaim) - false-positive candidate,level_sweep,swing,False,False,,,
R2-LVL-038793,LVL-038793,agent_5,incorrect,round2 source=level_sweep; level_type=equal; primary_outcome=tp; exit=target; wick_ratio=0.22466960352422688; penetration_atr=0.8082666666665127; reclaim_atr=-0.4274666666665057; level_id=equal_high_65399; bars_held=1.0; net_result_r=2.0; level-sweep row (confirmation check n/a by design); review=new-level penetration fails the baseline sweep-quality rules (penetration band / wick / close reclaim) - false-positive candidate,2,2026-09-02T13:31:07+00:00,no,no,no,n/a,51,new-level penetration fails the baseline sweep-quality rules (penetration band / wick / close reclaim) - false-positive candidate,level_sweep,equal,False,False,,,
R2-LVL-038809,LVL-038809,agent_5,incorrect,round2 source=level_sweep; level_type=swing; primary_outcome=sl; exit=stop; wick_ratio=0.04439252336449666; penetration_atr=0.24859813084107388; reclaim_atr=-0.1988785046728353; level_id=swing_low_65313; bars_held=1.0; net_result_r=-1.0; level-sweep row (confirmation check n/a by design); review=new-level penetration fails the baseline sweep-quality rules (penetration band / wick / close reclaim) - false-positive candidate,2,2026-09-02T13:31:07+00:00,no,no,no,n/a,22,new-level penetration fails the baseline sweep-quality rules (penetration band / wick / close reclaim) - false-positive candidate,level_sweep,swing,False,False,,,
R2-LVL-040175,LVL-040175,agent_5,ambiguous,round2 source=level_sweep; level_type=swing; primary_outcome=sl; exit=stop; wick_ratio=0.7390243902439676; penetration_atr=0.10355362598489463; reclaim_atr=0.5785496060460329; level_id=swing_high_67749; bars_held=3.0; net_result_r=-1.0; level-sweep row (confirmation check n/a by design); review=between clean and marginal thresholds; human review required,2,2026-09-02T13:31:07+00:00,maybe,maybe,maybe,n/a,45,between clean and marginal thresholds; human review required,level_sweep,swing,True,False,,,
R2-LVL-040702,LVL-040702,agent_5,ambiguous,round2 source=level_sweep; level_type=prev_day; primary_outcome=ambiguous; exit=ambiguous; wick_ratio=0.0; penetration_atr=2.3905644877361976; reclaim_atr=-2.3905644877361976; level_id=prev_day_low_68712; bars_held=1.0; net_result_r=nan; level-sweep row (confirmation check n/a by design); review=TP and SL inside the same candle: intrabar order unknown; human review required,2,2026-09-02T13:31:07+00:00,maybe,maybe,maybe,n/a,40,TP and SL inside the same candle: intrabar order unknown; human review required,level_sweep,prev_day,False,False,,,
R2-LVL-041518,LVL-041518,agent_5,incorrect,round2 source=level_sweep; level_type=prev_day; primary_outcome=sl; exit=stop; wick_ratio=0.017535070140298755; penetration_atr=1.0313268470010042; reclaim_atr=-0.9789372393884193; level_id=prev_day_high_69724; bars_held=1.0; net_result_r=-1.0; level-sweep row (confirmation check n/a by design); review=new-level penetration fails the baseline sweep-quality rules (penetration band / wick / close reclaim) - false-positive candidate,2,2026-09-02T13:31:07+00:00,no,no,no,n/a,41,new-level penetration fails the baseline sweep-quality rules (penetration band / wick / close reclaim) - false-positive candidate,level_sweep,prev_day,False,False,,,
R2-LVL-041873,LVL-041873,agent_5,incorrect,round2 source=level_sweep; level_type=equal; primary_outcome=sl; exit=stop; wick_ratio=0.06412337662337282; penetration_atr=0.6053759252045022; reclaim_atr=-0.5335670692117777; level_id=equal_high_70635; bars_held=1.0; net_result_r=-1.0; level-sweep row (confirmation check n/a by design); review=new-level penetration fails the baseline sweep-quality rules (penetration band / wick / close reclaim) - false-positive candidate,2,2026-09-02T13:31:07+00:00,no,no,no,n/a,43,new-level penetration fails the baseline sweep-quality rules (penetration band / wick / close reclaim) - false-positive candidate,level_sweep,equal,False,False,,,
R2-LVL-042164,LVL-042164,agent_5,ambiguous,round2 source=level_sweep; level_type=prev_day; primary_outcome=tp; exit=target; wick_ratio=0.4638715432649243; penetration_atr=0.38927599708010785; reclaim_atr=0.09383502554911975; level_id=prev_day_low_71089; bars_held=13.0; net_result_r=2.0; level-sweep row (confirmation check n/a by design); review=between clean and marginal thresholds; human review required,2,2026-09-02T13:31:07+00:00,maybe,maybe,maybe,n/a,54,between clean and marginal thresholds; human review required,level_sweep,prev_day,True,False,,,
R2-LVL-042218,LVL-042218,agent_5,incorrect,round2 source=level_sweep; level_type=prev_day; primary_outcome=sl; exit=stop; wick_ratio=0.6047156726768523; penetration_atr=0.5826170009550616; reclaim_atr=0.7602674307545454; level_id=prev_day_low_70905; bars_held=4.0; net_result_r=-1.0; level-sweep row (confirmation check n/a by design); review=new-level penetration fails the baseline sweep-quality rules (penetration band / wick / close reclaim) - false-positive candidate,2,2026-09-02T13:31:07+00:00,no,no,no,n/a,70,new-level penetration fails the baseline sweep-quality rules (penetration band / wick / close reclaim) - false-positive candidate,level_sweep,prev_day,False,False,,,
R2-LVL-042396,LVL-042396,agent_5,incorrect,round2 source=level_sweep; level_type=equal; primary_outcome=tp; exit=target; wick_ratio=0.11177581863979073; penetration_atr=4.077435265104772; reclaim_atr=-3.4646115906288664; level_id=equal_low_71550; bars_held=2.0; net_result_r=2.0; level-sweep row (confirmation check n/a by design); review=new-level penetration fails the baseline sweep-quality rules (penetration band / wick / close reclaim) - false-positive candidate,2,2026-09-02T13:31:07+00:00,no,no,no,n/a,46,new-level penetration fails the baseline sweep-quality rules (penetration band / wick / close reclaim) - false-positive candidate,level_sweep,equal,False,False,,,
R2-LVL-042575,LVL-042575,agent_5,incorrect,round2 source=level_sweep; level_type=equal; primary_outcome=sl; exit=stop; wick_ratio=0.6214405360133799; penetration_atr=0.9100748262961519; reclaim_atr=-0.21606092998400545; level_id=equal_high_71838; bars_held=1.0; net_result_r=-1.0; level-sweep row (confirmation check n/a by design); review=new-level penetration fails the baseline sweep-quality rules (penetration band / wick / close reclaim) - false-positive candidate,2,2026-09-02T13:31:07+00:00,no,no,no,n/a,71,new-level penetration fails the baseline sweep-quality rules (penetration band / wick / close reclaim) - false-positive candidate,level_sweep,equal,False,False,,,
R2-LVL-042770,LVL-042770,agent_5,incorrect,round2 source=level_sweep; level_type=swing; primary_outcome=sl; exit=stop; wick_ratio=0.5734597156397994; penetration_atr=1.023380811609804; reclaim_atr=0.11475409836059543; level_id=swing_low_72234; bars_held=4.0; net_result_r=-1.0; level-sweep row (confirmation check n/a by design); review=new-level penetration fails the baseline sweep-quality rules (penetration band / wick / close reclaim) - false-positive candidate,2,2026-09-02T13:31:07+00:00,no,no,no,n/a,69,new-level penetration fails the baseline sweep-quality rules (penetration band / wick / close reclaim) - false-positive candidate,level_sweep,swing,False,False,,,
R2-LVL-043951,LVL-043951,agent_5,incorrect,round2 source=level_sweep; level_type=equal; primary_outcome=sl; exit=stop; wick_ratio=0.0040595399188360975; penetration_atr=0.16338243734458985; reclaim_atr=-0.15534723550791876; level_id=equal_low_74156; bars_held=1.0; net_result_r=-1.0; level-sweep row (confirmation check n/a by design); review=new-level penetration fails the baseline sweep-quality rules (penetration band / wick / close reclaim) - false-positive candidate,2,2026-09-02T13:31:07+00:00,no,no,no,n/a,13,new-level penetration fails the baseline sweep-quality rules (penetration band / wick / close reclaim) - false-positive candidate,level_sweep,equal,False,False,,,
R2-LVL-044381,LVL-044381,agent_5,incorrect,round2 source=level_sweep; level_type=swing; primary_outcome=tp; exit=target; wick_ratio=0.07455268389662069; penetration_atr=1.5075358634465013; reclaim_atr=-1.3168694388959268; level_id=swing_high_74833; bars_held=1.0; net_result_r=2.0; level-sweep row (confirmation check n/a by design); review=new-level penetration fails the baseline sweep-quality rules (penetration band / wick / close reclaim) - false-positive candidate,2,2026-09-02T13:31:07+00:00,no,no,no,n/a,44,new-level penetration fails the baseline sweep-quality rules (penetration band / wick / close reclaim) - false-positive candidate,level_sweep,swing,False,False,,,
R2-LVL-044653,LVL-044653,agent_5,incorrect,round2 source=level_sweep; level_type=prev_day; primary_outcome=sl; exit=stop; wick_ratio=0.18343195266270013; penetration_atr=0.937728937728856; reclaim_atr=-0.7106227106226704; level_id=prev_day_low_75327; bars_held=2.0; net_result_r=-1.0; level-sweep row (confirmation check n/a by design); review=new-level penetration fails the baseline sweep-quality rules (penetration band / wick / close reclaim) - false-positive candidate,2,2026-09-02T13:31:07+00:00,no,no,no,n/a,49,new-level penetration fails the baseline sweep-quality rules (penetration band / wick / close reclaim) - false-positive candidate,level_sweep,prev_day,False,False,,,
R2-LVL-044665,LVL-044665,agent_5,incorrect,round2 source=level_sweep; level_type=prev_day; primary_outcome=sl; exit=stop; wick_ratio=0.3797468354430078; penetration_atr=0.40229885057475945; reclaim_atr=0.142751205042569; level_id=prev_day_low_75235; bars_held=2.0; net_result_r=-1.0; level-sweep row (confirmation check n/a by design); review=marginal pattern: tiny wick/penetration candidate for spread noise,2,2026-09-02T13:31:07+00:00,no,no,no,n/a,51,marginal pattern: tiny wick/penetration candidate for spread noise,level_sweep,prev_day,True,False,,,
R2-LVL-044935,LVL-044935,agent_5,incorrect,round2 source=level_sweep; level_type=swing; primary_outcome=sl; exit=stop; wick_ratio=0.2564102564102803; penetration_atr=0.1397745571658361; reclaim_atr=0.08566827697264891; level_id=swing_low_75856; bars_held=2.0; net_result_r=-1.0; level-sweep row (confirmation check n/a by design); review=new-level penetration fails the baseline sweep-quality rules (penetration band / wick / close reclaim) - false-positive candidate,2,2026-09-02T13:31:07+00:00,no,no,no,n/a,24,new-level penetration fails the baseline sweep-quality rules (penetration band / wick / close reclaim) - false-positive candidate,level_sweep,swing,False,False,,,
R2-LVL-045826,LVL-045826,agent_5,incorrect,round2 source=level_sweep; level_type=equal; primary_outcome=sl; exit=stop; wick_ratio=0.2572533849129417; penetration_atr=0.37196566015385835; reclaim_atr=-0.09635879218466069; level_id=equal_low_77328; bars_held=1.0; net_result_r=-1.0; level-sweep row (confirmation check n/a by design); review=new-level penetration fails the baseline sweep-quality rules (penetration band / wick / close reclaim) - false-positive candidate,2,2026-09-02T13:31:07+00:00,no,no,no,n/a,43,new-level penetration fails the baseline sweep-quality rules (penetration band / wick / close reclaim) - false-positive candidate,level_sweep,equal,False,False,,,
R2-LVL-045895,LVL-045895,agent_5,ambiguous,round2 source=level_sweep; level_type=swing; primary_outcome=sl; exit=stop; wick_ratio=0.447124304267145; penetration_atr=0.11772800244628728; reclaim_atr=0.14020334836785697; level_id=swing_high_77491; bars_held=3.0; net_result_r=-1.0; level-sweep row (confirmation check n/a by design); review=between clean and marginal thresholds; human review required,2,2026-09-02T13:31:07+00:00,maybe,maybe,maybe,n/a,32,between clean and marginal thresholds; human review required,level_sweep,swing,True,False,,,
R2-LVL-046456,LVL-046456,agent_5,incorrect,round2 source=level_sweep; level_type=prev_day; primary_outcome=sl; exit=stop; wick_ratio=0.4278195488721933; penetration_atr=1.011206328279508; reclaim_atr=-0.26104152933421454; level_id=prev_day_high_78260; bars_held=9.0; net_result_r=-1.0; level-sweep row (confirmation check n/a by design); review=new-level penetration fails the baseline sweep-quality rules (penetration band / wick / close reclaim) - false-positive candidate,2,2026-09-02T13:31:07+00:00,no,no,no,n/a,61,new-level penetration fails the baseline sweep-quality rules (penetration band / wick / close reclaim) - false-positive candidate,level_sweep,prev_day,False,False,,,
R2-LVL-046751,LVL-046751,agent_5,ambiguous,round2 source=level_sweep; level_type=equal; primary_outcome=ambiguous; exit=ambiguous; wick_ratio=0.1783439490446155; penetration_atr=0.639639639639674; reclaim_atr=-0.4378378378378367; level_id=equal_high_79055; bars_held=1.0; net_result_r=nan; level-sweep row (confirmation check n/a by design); review=TP and SL inside the same candle: intrabar order unknown; human review required,2,2026-09-02T13:31:07+00:00,maybe,maybe,maybe,n/a,49,TP and SL inside the same candle: intrabar order unknown; human review required,level_sweep,equal,False,False,,,
R2-LVL-048721,LVL-048721,agent_5,incorrect,round2 source=level_sweep; level_type=prev_day; primary_outcome=sl; exit=stop; wick_ratio=0.31183673469392803; penetration_atr=3.279279279279405; reclaim_atr=-1.9409409409408822; level_id=prev_day_high_82485; bars_held=2.0; net_result_r=-1.0; level-sweep row (confirmation check n/a by design); review=new-level penetration fails the baseline sweep-quality rules (penetration band / wick / close reclaim) - false-positive candidate,2,2026-09-02T13:31:07+00:00,no,no,no,n/a,56,new-level penetration fails the baseline sweep-quality rules (penetration band / wick / close reclaim) - false-positive candidate,level_sweep,prev_day,False,False,,,
R2-LVL-049002,LVL-049002,agent_5,incorrect,round2 source=level_sweep; level_type=prev_day; primary_outcome=sl; exit=stop; wick_ratio=0.6626916524701528; penetration_atr=0.09274700171344126; reclaim_atr=0.5292975442603456; level_id=prev_day_high_83120; bars_held=2.0; net_result_r=-1.0; level-sweep row (confirmation check n/a by design); review=marginal pattern: tiny wick/penetration candidate for spread noise,2,2026-09-02T13:31:07+00:00,no,no,no,n/a,41,marginal pattern: tiny wick/penetration candidate for spread noise,level_sweep,prev_day,True,False,,,
R2-LVL-049380,LVL-049380,agent_5,incorrect,round2 source=level_sweep; level_type=swing; primary_outcome=sl; exit=stop; wick_ratio=0.44633507853399323; penetration_atr=0.8401888064734505; reclaim_atr=-0.03540121375602862; level_id=swing_low_83869; bars_held=3.0; net_result_r=-1.0; level-sweep row (confirmation check n/a by design); review=new-level penetration fails the baseline sweep-quality rules (penetration band / wick / close reclaim) - false-positive candidate,2,2026-09-02T13:31:07+00:00,no,no,no,n/a,62,new-level penetration fails the baseline sweep-quality rules (penetration band / wick / close reclaim) - false-positive candidate,level_sweep,swing,False,False,,,
R2-LVL-051204,LVL-051204,agent_5,ambiguous,round2 source=level_sweep; level_type=equal; primary_outcome=sl; exit=stop; wick_ratio=0.4894472361809103; penetration_atr=0.15011575484341907; reclaim_atr=1.3703748832297837; level_id=equal_low_86901; bars_held=5.0; net_result_r=-1.0; level-sweep row (confirmation check n/a by design); review=between clean and marginal thresholds; human review required,2,2026-09-02T13:31:07+00:00,maybe,maybe,maybe,n/a,36,between clean and marginal thresholds; human review required,level_sweep,equal,True,False,,,
R2-LVL-051498,LVL-051498,agent_5,incorrect,round2 source=level_sweep; level_type=swing; primary_outcome=sl; exit=stop; wick_ratio=0.4937712344281052; penetration_atr=0.09161284803904438; reclaim_atr=0.16945383003292677; level_id=swing_high_87469; bars_held=1.0; net_result_r=-1.0; level-sweep row (confirmation check n/a by design); review=marginal pattern: tiny wick/penetration candidate for spread noise,2,2026-09-02T13:31:07+00:00,no,no,no,n/a,32,marginal pattern: tiny wick/penetration candidate for spread noise,level_sweep,swing,True,False,,,
R2-LVL-051824,LVL-051824,agent_5,incorrect,round2 source=level_sweep; level_type=equal; primary_outcome=tp; exit=target; wick_ratio=0.2576617480136204; penetration_atr=0.9449108574663134; reclaim_atr=-0.6451278181304009; level_id=equal_high_88009; bars_held=3.0; net_result_r=2.0; level-sweep row (confirmation check n/a by design); review=new-level penetration fails the baseline sweep-quality rules (penetration band / wick / close reclaim) - false-positive candidate,2,2026-09-02T13:31:07+00:00,no,no,no,n/a,53,new-level penetration fails the baseline sweep-quality rules (penetration band / wick / close reclaim) - false-positive candidate,level_sweep,equal,False,False,,,
R2-LVL-051848,LVL-051848,agent_5,incorrect,round2 source=level_sweep; level_type=equal; primary_outcome=sl; exit=stop; wick_ratio=0.24775876120620055; penetration_atr=0.3199274540920414; reclaim_atr=-0.12695533892541416; level_id=equal_low_88006; bars_held=1.0; net_result_r=-1.0; level-sweep row (confirmation check n/a by design); review=new-level penetration fails the baseline sweep-quality rules (penetration band / wick / close reclaim) - false-positive candidate,2,2026-09-02T13:31:07+00:00,no,no,no,n/a,38,new-level penetration fails the baseline sweep-quality rules (penetration band / wick / close reclaim) - false-positive candidate,level_sweep,equal,False,False,,,
R2-LVL-052414,LVL-052414,agent_5,correct,round2 source=level_sweep; level_type=prev_day; primary_outcome=tp; exit=target; wick_ratio=0.5230303030303096; penetration_atr=0.35326650535777093; reclaim_atr=0.7137919115105761; level_id=prev_day_low_89118; bars_held=6.0; net_result_r=2.0; level-sweep row (confirmation check n/a by design); review=textbook sweep: clean directional wick with clear penetration,2,2026-09-02T13:31:07+00:00,yes,yes,yes,n/a,54,textbook sweep: clean directional wick with clear penetration,level_sweep,prev_day,True,False,,,
R2-LVL-052614,LVL-052614,agent_5,incorrect,round2 source=level_sweep; level_type=equal; primary_outcome=tp; exit=target; wick_ratio=0.28853754940712495; penetration_atr=0.4948229579445782; reclaim_atr=0.6827304103284427; level_id=equal_low_89347; bars_held=9.0; net_result_r=2.0; level-sweep row (confirmation check n/a by design); review=new-level penetration fails the baseline sweep-quality rules (penetration band / wick / close reclaim) - false-positive candidate,2,2026-09-02T13:31:07+00:00,no,no,no,n/a,54,new-level penetration fails the baseline sweep-quality rules (penetration band / wick / close reclaim) - false-positive candidate,level_sweep,equal,False,False,,,
R2-LVL-053630,LVL-053630,agent_5,ambiguous,round2 source=level_sweep; level_type=prev_day; primary_outcome=tp; exit=target; wick_ratio=0.4047306176084534; penetration_atr=0.17011875172612348; reclaim_atr=0.6237687563288459; level_id=prev_day_high_91006; bars_held=1.0; net_result_r=2.0; level-sweep row (confirmation check n/a by design); review=between clean and marginal thresholds; human review required,2,2026-09-02T13:31:07+00:00,maybe,maybe,maybe,n/a,34,between clean and marginal thresholds; human review required,level_sweep,prev_day,True,False,,,
R2-LVL-054051,LVL-054051,agent_5,incorrect,round2 source=level_sweep; level_type=equal; primary_outcome=tp; exit=target; wick_ratio=0.16734693877544252; penetration_atr=0.4931002759888457; reclaim_atr=-0.26678932842682895; level_id=equal_high_91919; bars_held=1.0; net_result_r=2.0; level-sweep row (confirmation check n/a by design); review=new-level penetration fails the baseline sweep-quality rules (penetration band / wick / close reclaim) - false-positive candidate,2,2026-09-02T13:31:07+00:00,no,no,no,n/a,48,new-level penetration fails the baseline sweep-quality rules (penetration band / wick / close reclaim) - false-positive candidate,level_sweep,equal,False,False,,,
R2-LVL-054372,LVL-054372,agent_5,ambiguous,round2 source=level_sweep; level_type=swing; primary_outcome=ambiguous; exit=ambiguous; wick_ratio=0.1176470588235091; penetration_atr=0.2599542334096277; reclaim_atr=-0.14645308924488648; level_id=swing_high_92350; bars_held=1.0; net_result_r=nan; level-sweep row (confirmation check n/a by design); review=TP and SL inside the same candle: intrabar order unknown; human review required,2,2026-09-02T13:31:07+00:00,maybe,maybe,maybe,n/a,27,TP and SL inside the same candle: intrabar order unknown; human review required,level_sweep,swing,False,False,,,
R2-LVL-054584,LVL-054584,agent_5,incorrect,round2 source=level_sweep; level_type=swing; primary_outcome=sl; exit=stop; wick_ratio=0.48355263157891726; penetration_atr=0.8383742911153022; reclaim_atr=-0.14366729678643078; level_id=swing_high_92765; bars_held=1.0; net_result_r=-1.0; level-sweep row (confirmation check n/a by design); review=new-level penetration fails the baseline sweep-quality rules (penetration band / wick / close reclaim) - false-positive candidate,2,2026-09-02T13:31:07+00:00,no,no,no,n/a,64,new-level penetration fails the baseline sweep-quality rules (penetration band / wick / close reclaim) - false-positive candidate,level_sweep,swing,False,False,,,
R2-LVL-055333,LVL-055333,agent_5,incorrect,round2 source=level_sweep; level_type=swing; primary_outcome=tp; exit=target; wick_ratio=0.12702702702702015; penetration_atr=0.06752206752203711; reclaim_atr=1.3466193466193501; level_id=swing_high_94278; bars_held=14.0; net_result_r=2.0; level-sweep row (confirmation check n/a by design); review=new-level penetration fails the baseline sweep-quality rules (penetration band / wick / close reclaim) - false-positive candidate,2,2026-09-02T13:31:07+00:00,no,no,no,n/a,12,new-level penetration fails the baseline sweep-quality rules (penetration band / wick / close reclaim) - false-positive candidate,level_sweep,swing,False,False,,,
R2-LVL-058011,LVL-058011,agent_5,ambiguous,round2 source=level_sweep; level_type=prev_day; primary_outcome=ambiguous; exit=ambiguous; wick_ratio=0.08432835820896566; penetration_atr=0.15858378870672105; reclaim_atr=-0.06853369763203172; level_id=prev_day_low_98643; bars_held=1.0; net_result_r=nan; level-sweep row (confirmation check n/a by design); review=TP and SL inside the same candle: intrabar order unknown; human review required,2,2026-09-02T13:31:07+00:00,maybe,maybe,maybe,n/a,17,TP and SL inside the same candle: intrabar order unknown; human review required,level_sweep,prev_day,False,False,,,
R2-SWP-000114,SWP-000114,agent_5,incorrect,round2 source=confirmed; level_type=rolling; primary_outcome=sl; exit=stop; wick_ratio=0.38528138528139977; penetration_atr=0.35936646641182324; reclaim_atr=1.4068814855271674; level_id=rolling_high; bars_held=2.0; net_result_r=-1.0; confirmation delay 2 bar(s) ok; review=marginal pattern: tiny wick/penetration candidate for spread noise,2,2026-09-02T13:31:07+00:00,no,no,no,yes,48,marginal pattern: tiny wick/penetration candidate for spread noise,confirmed,rolling,True,True,2.0,close_break,0.8518345618345681
R2-SWP-000199,SWP-000199,agent_5,correct,round2 source=confirmed; level_type=rolling; primary_outcome=time; exit=time; wick_ratio=0.7027027027026694; penetration_atr=0.1666666666667118; reclaim_atr=0.8684210526315727; level_id=rolling_low; bars_held=16.0; net_result_r=0.043053960964435777; confirmation delay 1 bar(s) ok; review=textbook sweep: clean directional wick with clear penetration,2,2026-09-02T13:31:07+00:00,yes,yes,yes,yes,48,textbook sweep: clean directional wick with clear penetration,confirmed,rolling,True,True,1.0,close_break,0.9830508474576434
R2-SWP-000224,SWP-000224,agent_5,incorrect,round2 source=confirmed; level_type=rolling; primary_outcome=time; exit=time; wick_ratio=0.3860103626942901; penetration_atr=0.2919967663702428; reclaim_atr=0.49118835893291934; level_id=rolling_low; bars_held=16.0; net_result_r=-0.1134686699544982; confirmation delay 1 bar(s) ok; review=marginal pattern: tiny wick/penetration candidate for spread noise,2,2026-09-02T13:31:07+00:00,no,no,no,yes,43,marginal pattern: tiny wick/penetration candidate for spread noise,confirmed,rolling,True,True,1.0,close_break,0.7708646096223184
R2-SWP-000226,SWP-000226,agent_5,correct,round2 source=confirmed; level_type=rolling; primary_outcome=sl; exit=stop; wick_ratio=0.5462962962962573; penetration_atr=0.30107526881713714; reclaim_atr=0.22137887413030122; level_id=rolling_high; bars_held=2.0; net_result_r=-1.0; confirmation delay 1 bar(s) ok; review=textbook sweep: clean directional wick with clear penetration,2,2026-09-02T13:31:07+00:00,yes,yes,yes,yes,51,textbook sweep: clean directional wick with clear penetration,confirmed,rolling,True,True,1.0,close_break,0.7455656013795375
R2-SWP-000291,SWP-000291,agent_5,correct,round2 source=confirmed; level_type=rolling; primary_outcome=time; exit=time; wick_ratio=0.6547085201793832; penetration_atr=0.19016152716587312; reclaim_atr=0.5602055800294339; level_id=rolling_low; bars_held=16.0; net_result_r=1.5019139077295514; confirmation delay 2 bar(s) ok; review=textbook sweep: clean directional wick with clear penetration,2,2026-09-02T13:31:07+00:00,yes,yes,yes,yes,48,textbook sweep: clean directional wick with clear penetration,confirmed,rolling,True,True,2.0,close_break,0.6613899133894039
R2-SWP-000351,SWP-000351,agent_5,correct,round2 source=confirmed; level_type=rolling; primary_outcome=sl; exit=stop; wick_ratio=0.5354523227384104; penetration_atr=0.36819306930694257; reclaim_atr=0.3378712871287029; level_id=rolling_high; bars_held=4.0; net_result_r=-1.0; confirmation delay 1 bar(s) ok; review=textbook sweep: clean directional wick with clear penetration,2,2026-09-02T13:31:07+00:00,yes,yes,yes,yes,56,textbook sweep: clean directional wick with clear penetration,confirmed,rolling,True,True,1.0,close_break,0.5874038528774135
R2-SWP-000474,SWP-000474,agent_5,incorrect,round2 source=confirmed; level_type=rolling; primary_outcome=sl; exit=stop; wick_ratio=0.7754010695186919; penetration_atr=0.07973962571197499; reclaim_atr=0.5923515052888337; level_id=rolling_low; bars_held=4.0; net_result_r=-1.0; confirmation delay 2 bar(s) ok; review=marginal pattern: tiny wick/penetration candidate for spread noise,2,2026-09-02T13:31:07+00:00,no,no,no,yes,45,marginal pattern: tiny wick/penetration candidate for spread noise,confirmed,rolling,True,True,2.0,close_break,0.626372799759316
R2-SWP-000493,SWP-000493,agent_5,ambiguous,round2 source=confirmed; level_type=rolling; primary_outcome=sl; exit=stop; wick_ratio=0.4852941176470736; penetration_atr=0.45833333333329046; reclaim_atr=0.09166666666677177; level_id=rolling_low; bars_held=8.0; net_result_r=-1.0; confirmation delay AT max_wait=3 bars (borderline); review=between clean and marginal thresholds; human review required,2,2026-09-02T13:31:07+00:00,maybe,maybe,maybe,review,61,between clean and marginal thresholds; human review required,confirmed,rolling,True,True,3.0,close_break,0.5959779638038223
R2-SWP-000512,SWP-000512,agent_5,ambiguous,round2 source=confirmed; level_type=rolling; primary_outcome=tp; exit=target; wick_ratio=0.4745762711862774; penetration_atr=0.16777629826902662; reclaim_atr=0.10252996005316453; level_id=rolling_high; bars_held=4.0; net_result_r=2.0; confirmation delay 2 bar(s) ok; review=between clean and marginal thresholds; human review required,2,2026-09-02T13:31:07+00:00,maybe,maybe,maybe,yes,37,between clean and marginal thresholds; human review required,confirmed,rolling,True,True,2.0,close_break,0.7647214189319332
R2-SWP-000589,SWP-000589,agent_5,ambiguous,round2 source=confirmed; level_type=rolling; primary_outcome=time; exit=time; wick_ratio=0.5048543689320345; penetration_atr=0.12944038929443993; reclaim_atr=1.1922141119221306; level_id=rolling_high; bars_held=16.0; net_result_r=0.3858559854622984; confirmation delay 1 bar(s) ok; review=between clean and marginal thresholds; human review required,2,2026-09-02T13:31:07+00:00,maybe,maybe,maybe,yes,36,between clean and marginal thresholds; human review required,confirmed,rolling,True,True,1.0,close_break,0.9097845018683635
R2-SWP-000606,SWP-000606,agent_5,correct,round2 source=confirmed; level_type=rolling; primary_outcome=sl; exit=stop; wick_ratio=0.5866666666664363; penetration_atr=0.3529411764705004; reclaim_atr=0.11764705882341907; level_id=rolling_low; bars_held=2.0; net_result_r=-1.0; confirmation delay 1 bar(s) ok; review=textbook sweep: clean directional wick with clear penetration,2,2026-09-02T13:31:07+00:00,yes,yes,yes,yes,58,textbook sweep: clean directional wick with clear penetration,confirmed,rolling,True,True,1.0,close_break,0.6063427980877532
R2-SWP-000664,SWP-000664,agent_5,ambiguous,round2 source=confirmed; level_type=rolling; primary_outcome=sl; exit=stop; wick_ratio=0.4304635761590032; penetration_atr=0.38322295805747053; reclaim_atr=0.018543046357599142; level_id=rolling_high; bars_held=12.0; net_result_r=-1.0; confirmation delay 1 bar(s) ok; review=between clean and marginal thresholds; human review required,2,2026-09-02T13:31:07+00:00,maybe,maybe,maybe,yes,52,between clean and marginal thresholds; human review required,confirmed,rolling,True,True,1.0,close_break,0.7095002154243641
R2-SWP-000705,SWP-000705,agent_5,ambiguous,round2 source=confirmed; level_type=rolling; primary_outcome=tp; exit=target; wick_ratio=0.4763231197771496; penetration_atr=0.3686252771618786; reclaim_atr=0.29490022172948527; level_id=rolling_low; bars_held=8.0; net_result_r=2.0; confirmation delay 2 bar(s) ok; review=between clean and marginal thresholds; human review required,2,2026-09-02T13:31:07+00:00,maybe,maybe,maybe,yes,53,between clean and marginal thresholds; human review required,confirmed,rolling,True,True,2.0,close_break,0.8724167269745113
R2-SWP-000708,SWP-000708,agent_5,correct,round2 source=confirmed; level_type=rolling; primary_outcome=sl; exit=stop; wick_ratio=0.6424242424243117; penetration_atr=0.3326544467074185; reclaim_atr=0.31839782756282875; level_id=rolling_low; bars_held=2.0; net_result_r=-1.0; confirmation delay 2 bar(s) ok; review=textbook sweep: clean directional wick with clear penetration,2,2026-09-02T13:31:07+00:00,yes,yes,yes,yes,59,textbook sweep: clean directional wick with clear penetration,confirmed,rolling,True,True,2.0,close_break,0.635081243444902
R2-SWP-000714,SWP-000714,agent_5,correct,round2 source=confirmed; level_type=rolling; primary_outcome=time; exit=time; wick_ratio=0.5416666666667456; penetration_atr=0.2574430823117793; reclaim_atr=0.7600700525394128; level_id=rolling_high; bars_held=16.0; net_result_r=0.011645465946619719; confirmation delay 1 bar(s) ok; review=textbook sweep: clean directional wick with clear penetration,2,2026-09-02T13:31:07+00:00,yes,yes,yes,yes,48,textbook sweep: clean directional wick with clear penetration,confirmed,rolling,True,True,1.0,close_break,0.9349056603773636
R2-SWP-000720,SWP-000720,agent_5,correct,round2 source=confirmed; level_type=rolling; primary_outcome=tp; exit=target; wick_ratio=0.7377049180327517; penetration_atr=0.27826086956526047; reclaim_atr=0.5043478260868925; level_id=rolling_high; bars_held=9.0; net_result_r=2.0; confirmation delay AT max_wait=3 bars (borderline); review=textbook sweep: clean directional wick with clear penetration,2,2026-09-02T13:31:07+00:00,yes,yes,yes,review,59,textbook sweep: clean directional wick with clear penetration,confirmed,rolling,True,True,3.0,close_break,0.6194148936169906
R2-SWP-000790,SWP-000790,agent_5,correct,round2 source=confirmed; level_type=rolling; primary_outcome=sl; exit=stop; wick_ratio=0.5783783783783013; penetration_atr=0.2770270270270759; reclaim_atr=0.44594594594583725; level_id=rolling_low; bars_held=7.0; net_result_r=-1.0; confirmation delay 1 bar(s) ok; review=textbook sweep: clean directional wick with clear penetration,2,2026-09-02T13:31:07+00:00,yes,yes,yes,yes,51,textbook sweep: clean directional wick with clear penetration,confirmed,rolling,True,True,1.0,close_break,0.8876552443001178
R2-SWP-000833,SWP-000833,agent_5,correct,round2 source=confirmed; level_type=rolling; primary_outcome=sl; exit=stop; wick_ratio=0.6731707317073853; penetration_atr=0.23001776198942114; reclaim_atr=1.0319715808169827; level_id=rolling_high; bars_held=3.0; net_result_r=-1.0; confirmation delay AT max_wait=3 bars (borderline); review=textbook sweep: clean directional wick with clear penetration,2,2026-09-02T13:31:07+00:00,yes,yes,yes,review,52,textbook sweep: clean directional wick with clear penetration,confirmed,rolling,True,True,3.0,close_break,0.7890899000431201
R2-SWP-000863,SWP-000863,agent_5,ambiguous,round2 source=confirmed; level_type=rolling; primary_outcome=tp; exit=target; wick_ratio=0.4599999999999227; penetration_atr=0.3579154375614402; reclaim_atr=0.27531956735486973; level_id=rolling_high; bars_held=2.0; net_result_r=2.0; confirmation delay 2 bar(s) ok; review=between clean and marginal thresholds; human review required,2,2026-09-02T13:31:07+00:00,maybe,maybe,maybe,yes,52,between clean and marginal thresholds; human review required,confirmed,rolling,True,True,2.0,close_break,0.8050239234449825
R2-SWP-000886,SWP-000886,agent_5,ambiguous,round2 source=confirmed; level_type=rolling; primary_outcome=sl; exit=stop; wick_ratio=0.4281524926686221; penetration_atr=0.21955044432830287; reclaim_atr=0.13660916535980577; level_id=rolling_low; bars_held=6.0; net_result_r=-1.0; confirmation delay 1 bar(s) ok; review=between clean and marginal thresholds; human review required,2,2026-09-02T13:31:07+00:00,maybe,maybe,maybe,yes,39,between clean and marginal thresholds; human review required,confirmed,rolling,True,True,1.0,close_break,0.6857625696555338
R2-SWP-000949,SWP-000949,agent_5,correct,round2 source=confirmed; level_type=rolling; primary_outcome=tp; exit=target; wick_ratio=0.6965517241380121; penetration_atr=0.33028919330284273; reclaim_atr=0.7458143074582116; level_id=rolling_low; bars_held=6.0; net_result_r=2.0; confirmation delay AT max_wait=3 bars (borderline); review=textbook sweep: clean directional wick with clear penetration,2,2026-09-02T13:31:07+00:00,yes,yes,yes,review,61,textbook sweep: clean directional wick with clear penetration,confirmed,rolling,True,True,3.0,close_break,0.6596276925195353
R2-SWP-001073,SWP-001073,agent_5,incorrect,round2 source=confirmed; level_type=rolling; primary_outcome=time; exit=time; wick_ratio=0.3545454545454348; penetration_atr=0.40415704387990026; reclaim_atr=0.016166281755181307; level_id=rolling_high; bars_held=16.0; net_result_r=-0.2807470096644775; confirmation delay 2 bar(s) ok; review=marginal pattern: tiny wick/penetration candidate for spread noise,2,2026-09-02T13:31:07+00:00,no,no,no,yes,50,marginal pattern: tiny wick/penetration candidate for spread noise,confirmed,rolling,True,True,2.0,close_break,0.9805510534846201
R2-SWP-001115,SWP-001115,agent_5,incorrect,round2 source=confirmed; level_type=rolling; primary_outcome=time; exit=time; wick_ratio=0.39639639639627644; penetration_atr=0.3807169344870721; reclaim_atr=0.38071693448667865; level_id=rolling_low; bars_held=16.0; net_result_r=0.23151019058256767; confirmation delay 2 bar(s) ok; review=marginal pattern: tiny wick/penetration candidate for spread noise,2,2026-09-02T13:31:07+00:00,no,no,no,yes,50,marginal pattern: tiny wick/penetration candidate for spread noise,confirmed,rolling,True,True,2.0,close_break,0.7959329315763144
R2-SWP-001132,SWP-001132,agent_5,correct,round2 source=confirmed; level_type=rolling; primary_outcome=tp; exit=target; wick_ratio=0.7954545454545494; penetration_atr=0.3007057379564508; reclaim_atr=0.26204357164770425; level_id=rolling_high; bars_held=3.0; net_result_r=2.0; confirmation delay 2 bar(s) ok; review=textbook sweep: clean directional wick with clear penetration,2,2026-09-02T13:31:07+00:00,yes,yes,yes,yes,64,textbook sweep: clean directional wick with clear penetration,confirmed,rolling,True,True,2.0,close_break,0.6635771513786759
R2-SWP-001140,SWP-001140,agent_5,ambiguous,round2 source=confirmed; level_type=rolling; primary_outcome=tp; exit=target; wick_ratio=0.419753086419961; penetration_atr=0.1177570093459818; reclaim_atr=0.3271028037383094; level_id=rolling_low; bars_held=15.0; net_result_r=2.0; confirmation delay AT max_wait=3 bars (borderline); review=between clean and marginal thresholds; human review required,2,2026-09-02T13:31:07+00:00,maybe,maybe,maybe,review,30,between clean and marginal thresholds; human review required,confirmed,rolling,True,True,3.0,close_break,0.9384236453202031
R2-SWP-001274,SWP-001274,agent_5,correct,round2 source=confirmed; level_type=rolling; primary_outcome=tp; exit=target; wick_ratio=0.7192982456140304; penetration_atr=0.41621621621625626; reclaim_atr=0.7472972972972421; level_id=rolling_high; bars_held=3.0; net_result_r=2.0; confirmation delay 1 bar(s) ok; review=textbook sweep: clean directional wick with clear penetration,2,2026-09-02T13:31:07+00:00,yes,yes,yes,yes,69,textbook sweep: clean directional wick with clear penetration,confirmed,rolling,True,True,1.0,close_break,0.7332558428421465
R2-SWP-001385,SWP-001385,agent_5,correct,round2 source=confirmed; level_type=rolling; primary_outcome=time; exit=time; wick_ratio=0.5505617977528277; penetration_atr=0.17365924844942868; reclaim_atr=0.3268879970814073; level_id=rolling_high; bars_held=16.0; net_result_r=0.24089869963867006; confirmation delay 1 bar(s) ok; review=textbook sweep: clean directional wick with clear penetration,2,2026-09-02T13:31:07+00:00,yes,yes,yes,yes,41,textbook sweep: clean directional wick with clear penetration,confirmed,rolling,True,True,1.0,close_break,0.6862814604750065
R2-SWP-001416,SWP-001416,agent_5,incorrect,round2 source=confirmed; level_type=rolling; primary_outcome=sl; exit=stop; wick_ratio=0.6499999999998636; penetration_atr=0.07419183889765152; reclaim_atr=0.4080551139374208; level_id=rolling_high; bars_held=2.0; net_result_r=-1.0; confirmation delay 1 bar(s) ok; review=marginal pattern: tiny wick/penetration candidate for spread noise,2,2026-09-02T13:31:07+00:00,no,no,no,yes,38,marginal pattern: tiny wick/penetration candidate for spread noise,confirmed,rolling,True,True,1.0,close_break,0.6511622314073683
R2-SWP-001424,SWP-001424,agent_5,correct,round2 source=confirmed; level_type=rolling; primary_outcome=time; exit=time; wick_ratio=0.9388888888888244; penetration_atr=0.216299729625392; reclaim_atr=0.697566628041711; level_id=rolling_high; bars_held=16.0; net_result_r=0.19773553451115056; confirmation delay 1 bar(s) ok; review=textbook sweep: clean directional wick with clear penetration,2,2026-09-02T13:31:07+00:00,yes,yes,yes,yes,64,textbook sweep: clean directional wick with clear penetration,confirmed,rolling,True,True,1.0,close_break,0.6060272340109123
R2-SWP-001448,SWP-001448,agent_5,ambiguous,round2 source=confirmed; level_type=rolling; primary_outcome=tp; exit=target; wick_ratio=0.4843750000000148; penetration_atr=0.2644503211182445; reclaim_atr=0.22742727616172395; level_id=rolling_low; bars_held=4.0; net_result_r=2.0; confirmation delay 1 bar(s) ok; review=between clean and marginal thresholds; human review required,2,2026-09-02T13:31:07+00:00,maybe,maybe,maybe,yes,45,between clean and marginal thresholds; human review required,confirmed,rolling,True,True,1.0,close_break,0.6898338059652491
R2-SWP-001530,SWP-001530,agent_5,ambiguous,round2 source=confirmed; level_type=rolling; primary_outcome=time; exit=time; wick_ratio=0.45089285714285127; penetration_atr=0.17109458023381208; reclaim_atr=1.242295430393118; level_id=rolling_high; bars_held=16.0; net_result_r=0.5554948855156601; confirmation delay 1 bar(s) ok; review=between clean and marginal thresholds; human review required,2,2026-09-02T13:31:07+00:00,maybe,maybe,maybe,yes,36,between clean and marginal thresholds; human review required,confirmed,rolling,True,True,1.0,close_break,0.7978796770310803
R2-SWP-001588,SWP-001588,agent_5,correct,round2 source=confirmed; level_type=rolling; primary_outcome=tp; exit=target; wick_ratio=0.5764705882353665; penetration_atr=0.27039810800158287; reclaim_atr=0.27039810800158287; level_id=rolling_low; bars_held=6.0; net_result_r=2.0; confirmation delay 1 bar(s) ok; review=textbook sweep: clean directional wick with clear penetration,2,2026-09-02T13:31:07+00:00,yes,yes,yes,yes,50,textbook sweep: clean directional wick with clear penetration,confirmed,rolling,True,True,1.0,close_break,0.9203233256350742
R2-SWP-001591,SWP-001591,agent_5,incorrect,round2 source=confirmed; level_type=rolling; primary_outcome=tp; exit=target; wick_ratio=0.35587188612100334; penetration_atr=0.12975609756101575; reclaim_atr=1.4887804878047992; level_id=rolling_low; bars_held=9.0; net_result_r=2.0; confirmation delay AT max_wait=3 bars (borderline); review=marginal pattern: tiny wick/penetration candidate for spread noise,2,2026-09-02T13:31:07+00:00,no,no,no,review,28,marginal pattern: tiny wick/penetration candidate for spread noise,confirmed,rolling,True,True,3.0,close_break,0.8948931116389569
R2-SWP-001767,SWP-001767,agent_5,incorrect,round2 source=confirmed; level_type=rolling; primary_outcome=time; exit=time; wick_ratio=0.3636363636363043; penetration_atr=0.3027919779786332; reclaim_atr=0.5835627211954435; level_id=rolling_high; bars_held=16.0; net_result_r=1.0074953223431529; confirmation delay 1 bar(s) ok; review=marginal pattern: tiny wick/penetration candidate for spread noise,2,2026-09-02T13:31:07+00:00,no,no,no,yes,42,marginal pattern: tiny wick/penetration candidate for spread noise,confirmed,rolling,True,True,1.0,close_break,0.9956427015250586
R2-SWP-001813,SWP-001813,agent_5,correct,round2 source=confirmed; level_type=rolling; primary_outcome=tp; exit=target; wick_ratio=0.5735294117646321; penetration_atr=0.27099594130498483; reclaim_atr=0.4108648142366861; level_id=rolling_high; bars_held=4.0; net_result_r=2.0; confirmation delay 1 bar(s) ok; review=textbook sweep: clean directional wick with clear penetration,2,2026-09-02T13:31:07+00:00,yes,yes,yes,yes,50,textbook sweep: clean directional wick with clear penetration,confirmed,rolling,True,True,1.0,close_break,0.6421851574212628
R2-SWP-001903,SWP-001903,agent_5,incorrect,round2 source=confirmed; level_type=rolling; primary_outcome=time; exit=time; wick_ratio=0.5014925373133976; penetration_atr=0.06698564593295363; reclaim_atr=0.7703349282297283; level_id=rolling_high; bars_held=16.0; net_result_r=0.5751232406943919; confirmation delay 1 bar(s) ok; review=marginal pattern: tiny wick/penetration candidate for spread noise,2,2026-09-02T13:31:07+00:00,no,no,no,yes,30,marginal pattern: tiny wick/penetration candidate for spread noise,confirmed,rolling,True,True,1.0,close_break,0.8473697213149491
R2-SWP-001914,SWP-001914,agent_5,correct,round2 source=confirmed; level_type=rolling; primary_outcome=time; exit=time; wick_ratio=0.618705035971225; penetration_atr=0.18053927315378357; reclaim_atr=2.1719421649080455; level_id=rolling_low; bars_held=16.0; net_result_r=0.7188342906396606; confirmation delay 1 bar(s) ok; review=textbook sweep: clean directional wick with clear penetration,2,2026-09-02T13:31:07+00:00,yes,yes,yes,yes,45,textbook sweep: clean directional wick with clear penetration,confirmed,rolling,True,True,1.0,close_break,0.9252100840336219
R2-SWP-001942,SWP-001942,agent_5,correct,round2 source=confirmed; level_type=rolling; primary_outcome=sl; exit=stop; wick_ratio=0.6962025316454482; penetration_atr=0.45494265428712305; reclaim_atr=0.17586018569089373; level_id=rolling_high; bars_held=8.0; net_result_r=-1.0; confirmation delay 2 bar(s) ok; review=textbook sweep: clean directional wick with clear penetration,2,2026-09-02T13:31:07+00:00,yes,yes,yes,yes,71,textbook sweep: clean directional wick with clear penetration,confirmed,rolling,True,True,2.0,close_break,0.6762714712393114
R2-SWP-002088,SWP-002088,agent_5,incorrect,round2 source=confirmed; level_type=rolling; primary_outcome=tp; exit=target; wick_ratio=0.4513274336280657; penetration_atr=0.06098319850667937; reclaim_atr=0.38332296204073946; level_id=rolling_low; bars_held=8.0; net_result_r=2.0; confirmation delay 1 bar(s) ok; review=marginal pattern: tiny wick/penetration candidate for spread noise,2,2026-09-02T13:31:07+00:00,no,no,no,yes,27,marginal pattern: tiny wick/penetration candidate for spread noise,confirmed,rolling,True,True,1.0,close_break,0.6558176100627593
R2-SWP-002090,SWP-002090,agent_5,ambiguous,round2 source=confirmed; level_type=rolling; primary_outcome=tp; exit=target; wick_ratio=0.4125000000000497; penetration_atr=0.14698162729645387; reclaim_atr=0.0262467191602004; level_id=rolling_high; bars_held=11.0; net_result_r=2.0; confirmation delay AT max_wait=3 bars (borderline); review=between clean and marginal thresholds; human review required,2,2026-09-02T13:31:07+00:00,maybe,maybe,maybe,review,32,between clean and marginal thresholds; human review required,confirmed,rolling,True,True,3.0,close_break,0.7640937563143984
R2-SWP-002096,SWP-002096,agent_5,ambiguous,round2 source=confirmed; level_type=rolling; primary_outcome=sl; exit=stop; wick_ratio=0.43362831858398; penetration_atr=0.15381649961441748; reclaim_atr=0.3750963762528594; level_id=rolling_low; bars_held=16.0; net_result_r=-1.0; confirmation delay 1 bar(s) ok; review=between clean and marginal thresholds; human review required,2,2026-09-02T13:31:07+00:00,maybe,maybe,maybe,yes,34,between clean and marginal thresholds; human review required,confirmed,rolling,True,True,1.0,close_break,0.7772693513965536
R2-SWP-002135,SWP-002135,agent_5,incorrect,round2 source=confirmed; level_type=rolling; primary_outcome=time; exit=time; wick_ratio=0.3606557377049205; penetration_atr=0.1090909090908103; reclaim_atr=0.7878787878787634; level_id=rolling_low; bars_held=16.0; net_result_r=-0.45202020202021465; confirmation delay 2 bar(s) ok; review=marginal pattern: tiny wick/penetration candidate for spread noise,2,2026-09-02T13:31:07+00:00,no,no,no,yes,27,marginal pattern: tiny wick/penetration candidate for spread noise,confirmed,rolling,True,True,2.0,close_break,0.6925407180984258
R2-SWP-002148,SWP-002148,agent_5,ambiguous,round2 source=confirmed; level_type=rolling; primary_outcome=sl; exit=stop; wick_ratio=0.4846625766870618; penetration_atr=0.27847571189273745; reclaim_atr=0.0029313232831459923; level_id=rolling_high; bars_held=2.0; net_result_r=-1.0; confirmation delay 2 bar(s) ok; review=between clean and marginal thresholds; human review required,2,2026-09-02T13:31:07+00:00,maybe,maybe,maybe,yes,47,between clean and marginal thresholds; human review required,confirmed,rolling,True,True,2.0,close_break,0.7622195083355964
R2-SWP-002152,SWP-002152,agent_5,incorrect,round2 source=confirmed; level_type=rolling; primary_outcome=sl; exit=stop; wick_ratio=0.3562500000001226; penetration_atr=0.20476389469280235; reclaim_atr=0.12870873380708678; level_id=rolling_high; bars_held=4.0; net_result_r=-1.0; confirmation delay 1 bar(s) ok; review=marginal pattern: tiny wick/penetration candidate for spread noise,2,2026-09-02T13:31:07+00:00,no,no,no,yes,34,marginal pattern: tiny wick/penetration candidate for spread noise,confirmed,rolling,True,True,1.0,close_break,0.9171428571428675
R2-SWP-002173,SWP-002173,agent_5,correct,round2 source=confirmed; level_type=rolling; primary_outcome=sl; exit=stop; wick_ratio=0.8035087719298374; penetration_atr=0.31266529532755716; reclaim_atr=0.7981193064942982; level_id=rolling_low; bars_held=4.0; net_result_r=-1.0; confirmation delay 2 bar(s) ok; review=textbook sweep: clean directional wick with clear penetration,2,2026-09-02T13:31:07+00:00,yes,yes,yes,yes,65,textbook sweep: clean directional wick with clear penetration,confirmed,rolling,True,True,2.0,close_break,0.815165961504108
R2-SWP-002244,SWP-002244,agent_5,ambiguous,round2 source=confirmed; level_type=rolling; primary_outcome=sl; exit=stop; wick_ratio=0.4946619217081493; penetration_atr=0.27936916639840037; reclaim_atr=0.3469584808496792; level_id=rolling_high; bars_held=7.0; net_result_r=-1.0; confirmation delay AT max_wait=3 bars (borderline); review=between clean and marginal thresholds; human review required,2,2026-09-02T13:31:07+00:00,maybe,maybe,maybe,review,47,between clean and marginal thresholds; human review required,confirmed,rolling,True,True,3.0,close_break,0.7094332630981395
R2-SWP-002314,SWP-002314,agent_5,correct,round2 source=confirmed; level_type=rolling; primary_outcome=time; exit=time; wick_ratio=0.6899224806204283; penetration_atr=0.16757344940147992; reclaim_atr=0.28436706565126213; level_id=rolling_low; bars_held=16.0; net_result_r=-0.5500400441240522; confirmation delay 2 bar(s) ok; review=textbook sweep: clean directional wick with clear penetration,2,2026-09-02T13:31:07+00:00,yes,yes,yes,yes,48,textbook sweep: clean directional wick with clear penetration,confirmed,rolling,True,True,2.0,close_break,0.8018652883667321
R2-SWP-002324,SWP-002324,agent_5,correct,round2 source=confirmed; level_type=rolling; primary_outcome=sl; exit=stop; wick_ratio=0.5302325581395654; penetration_atr=0.18428630193320045; reclaim_atr=0.4722336487043499; level_id=rolling_low; bars_held=5.0; net_result_r=-1.0; confirmation delay AT max_wait=3 bars (borderline); review=textbook sweep: clean directional wick with clear penetration,2,2026-09-02T13:31:07+00:00,yes,yes,yes,review,41,textbook sweep: clean directional wick with clear penetration,confirmed,rolling,True,True,3.0,close_break,0.6526831715444208
R2-SWP-002571,SWP-002571,agent_5,ambiguous,round2 source=confirmed; level_type=rolling; primary_outcome=sl; exit=stop; wick_ratio=0.47858942065495885; penetration_atr=0.15546620716061474; reclaim_atr=0.6567107026612511; level_id=rolling_low; bars_held=1.0; net_result_r=-1.0; confirmation delay 1 bar(s) ok; review=between clean and marginal thresholds; human review required,2,2026-09-02T13:31:07+00:00,maybe,maybe,maybe,yes,36,between clean and marginal thresholds; human review required,confirmed,rolling,True,True,1.0,close_break,0.684203661858865
R2-SWP-002598,SWP-002598,agent_5,incorrect,round2 source=confirmed; level_type=rolling; primary_outcome=tp; exit=target; wick_ratio=0.35742971887544955; penetration_atr=0.15869809203139; reclaim_atr=0.3441077441077565; level_id=rolling_low; bars_held=8.0; net_result_r=2.0; confirmation delay AT max_wait=3 bars (borderline); review=marginal pattern: tiny wick/penetration candidate for spread noise,2,2026-09-02T13:31:07+00:00,no,no,no,review,31,marginal pattern: tiny wick/penetration candidate for spread noise,confirmed,rolling,True,True,3.0,close_break,0.7051150760233379
R2-SWP-002637,SWP-002637,agent_5,incorrect,round2 source=confirmed; level_type=rolling; primary_outcome=time; exit=time; wick_ratio=0.37474120082813406; penetration_atr=0.08760951188986234; reclaim_atr=0.309086357947456; level_id=rolling_low; bars_held=16.0; net_result_r=-0.18991728859685855; confirmation delay 1 bar(s) ok; review=marginal pattern: tiny wick/penetration candidate for spread noise,2,2026-09-02T13:31:07+00:00,no,no,no,yes,26,marginal pattern: tiny wick/penetration candidate for spread noise,confirmed,rolling,True,True,1.0,close_break,0.6626256756994657
R2-SWP-002639,SWP-002639,agent_5,correct,round2 source=confirmed; level_type=rolling; primary_outcome=tp; exit=target; wick_ratio=0.5113122171945426; penetration_atr=0.21647761194031068; reclaim_atr=0.06686567164176824; level_id=rolling_low; bars_held=11.0; net_result_r=2.0; confirmation delay AT max_wait=3 bars (borderline); review=textbook sweep: clean directional wick with clear penetration,2,2026-09-02T13:31:07+00:00,yes,yes,yes,review,43,textbook sweep: clean directional wick with clear penetration,confirmed,rolling,True,True,3.0,close_break,0.9179659022704603
R2-SWP-002646,SWP-002646,agent_5,incorrect,round2 source=confirmed; level_type=rolling; primary_outcome=time; exit=time; wick_ratio=0.3539232053422049; penetration_atr=0.14125560538115606; reclaim_atr=0.4115595416044059; level_id=rolling_low; bars_held=16.0; net_result_r=-0.12466819429632385; confirmation delay AT max_wait=3 bars (borderline); review=marginal pattern: tiny wick/penetration candidate for spread noise,2,2026-09-02T13:31:07+00:00,no,no,no,review,29,marginal pattern: tiny wick/penetration candidate for spread noise,confirmed,rolling,True,True,3.0,close_break,0.7004555474228948
R2-SWP-002712,SWP-002712,agent_5,correct,round2 source=confirmed; level_type=rolling; primary_outcome=tp; exit=target; wick_ratio=0.6978723404255047; penetration_atr=0.33635405690196263; reclaim_atr=0.14752370916754393; level_id=rolling_high; bars_held=10.0; net_result_r=2.0; confirmation delay 1 bar(s) ok; review=textbook sweep: clean directional wick with clear penetration,2,2026-09-02T13:31:07+00:00,yes,yes,yes,yes,62,textbook sweep: clean directional wick with clear penetration,confirmed,rolling,True,True,1.0,close_break,0.8043857922421593
R2-SWP-002809,SWP-002809,agent_5,ambiguous,round2 source=confirmed; level_type=rolling; primary_outcome=sl; exit=stop; wick_ratio=0.635014836795235; penetration_atr=0.14606741573029608; reclaim_atr=0.6554307116105169; level_id=rolling_low; bars_held=3.0; net_result_r=-1.0; confirmation delay 1 bar(s) ok; review=between clean and marginal thresholds; human review required,2,2026-09-02T13:31:07+00:00,maybe,maybe,maybe,yes,43,between clean and marginal thresholds; human review required,confirmed,rolling,True,True,1.0,close_break,0.6561812625581211
R2-SWP-002811,SWP-002811,agent_5,incorrect,round2 source=confirmed; level_type=rolling; primary_outcome=tp; exit=target; wick_ratio=0.46214099216707843; penetration_atr=0.0779258825252892; reclaim_atr=0.6480152336311363; level_id=rolling_low; bars_held=3.0; net_result_r=2.0; confirmation delay 2 bar(s) ok; review=marginal pattern: tiny wick/penetration candidate for spread noise,2,2026-09-02T13:31:07+00:00,no,no,no,yes,29,marginal pattern: tiny wick/penetration candidate for spread noise,confirmed,rolling,True,True,2.0,close_break,0.8478735005452471
R2-SWP-002851,SWP-002851,agent_5,incorrect,round2 source=confirmed; level_type=rolling; primary_outcome=sl; exit=stop; wick_ratio=0.5418994413407395; penetration_atr=0.08979364194088799; reclaim_atr=0.7261572783045647; level_id=rolling_low; bars_held=4.0; net_result_r=-1.0; confirmation delay 1 bar(s) ok; review=marginal pattern: tiny wick/penetration candidate for spread noise,2,2026-09-02T13:31:07+00:00,no,no,no,yes,34,marginal pattern: tiny wick/penetration candidate for spread noise,confirmed,rolling,True,True,1.0,close_break,0.8855098389981961
R2-SWP-002953,SWP-002953,agent_5,incorrect,round2 source=confirmed; level_type=rolling; primary_outcome=tp; exit=target; wick_ratio=0.3546511627907192; penetration_atr=0.18489984591690786; reclaim_atr=0.09861325115553471; level_id=rolling_high; bars_held=11.0; net_result_r=2.0; confirmation delay AT max_wait=3 bars (borderline); review=marginal pattern: tiny wick/penetration candidate for spread noise,2,2026-09-02T13:31:07+00:00,no,no,no,review,33,marginal pattern: tiny wick/penetration candidate for spread noise,confirmed,rolling,True,True,3.0,close_break,0.7477443204207155
R2-SWP-002973,SWP-002973,agent_5,ambiguous,round2 source=confirmed; level_type=rolling; primary_outcome=sl; exit=stop; wick_ratio=0.4812499999999476; penetration_atr=0.47910496873969516; reclaim_atr=0.23033892727870764; level_id=rolling_low; bars_held=3.0; net_result_r=-1.0; confirmation delay AT max_wait=3 bars (borderline); review=between clean and marginal thresholds; human review required,2,2026-09-02T13:31:07+00:00,maybe,maybe,maybe,review,62,between clean and marginal thresholds; human review required,confirmed,rolling,True,True,3.0,close_break,0.8670721112076505
R2-SWP-003133,SWP-003133,agent_5,correct,round2 source=confirmed; level_type=rolling; primary_outcome=sl; exit=stop; wick_ratio=0.634340222575558; penetration_atr=0.4212389380531403; reclaim_atr=0.16033315981258253; level_id=rolling_high; bars_held=7.0; net_result_r=-1.0; confirmation delay AT max_wait=3 bars (borderline); review=textbook sweep: clean directional wick with clear penetration,2,2026-09-02T13:31:07+00:00,yes,yes,yes,review,65,textbook sweep: clean directional wick with clear penetration,confirmed,rolling,True,True,3.0,close_break,0.6879324248597505
R2-SWP-003224,SWP-003224,agent_5,correct,round2 source=confirmed; level_type=rolling; primary_outcome=tp; exit=target; wick_ratio=0.6173285198556129; penetration_atr=0.41946589745979196; reclaim_atr=0.9457523029683045; level_id=rolling_low; bars_held=13.0; net_result_r=2.0; confirmation delay 2 bar(s) ok; review=textbook sweep: clean directional wick with clear penetration,2,2026-09-02T13:31:07+00:00,yes,yes,yes,yes,64,textbook sweep: clean directional wick with clear penetration,confirmed,rolling,True,True,2.0,close_break,0.624328470733847
R2-SWP-003228,SWP-003228,agent_5,correct,round2 source=confirmed; level_type=rolling; primary_outcome=sl; exit=stop; wick_ratio=0.5064102564102139; penetration_atr=0.2715008431703039; reclaim_atr=0.2258572231590677; level_id=rolling_low; bars_held=2.0; net_result_r=-1.0; confirmation delay 1 bar(s) ok; review=textbook sweep: clean directional wick with clear penetration,2,2026-09-02T13:31:07+00:00,yes,yes,yes,yes,47,textbook sweep: clean directional wick with clear penetration,confirmed,rolling,True,True,1.0,close_break,0.596036887290488
R2-SWP-003260,SWP-003260,agent_5,correct,round2 source=confirmed; level_type=rolling; primary_outcome=tp; exit=target; wick_ratio=0.721062618595752; penetration_atr=0.2730124096548733; reclaim_atr=0.6930315014319219; level_id=rolling_high; bars_held=6.0; net_result_r=2.0; confirmation delay 2 bar(s) ok; review=textbook sweep: clean directional wick with clear penetration,2,2026-09-02T13:31:07+00:00,yes,yes,yes,yes,58,textbook sweep: clean directional wick with clear penetration,confirmed,rolling,True,True,2.0,close_break,0.6531422651933758
R2-SWP-003314,SWP-003314,agent_5,ambiguous,round2 source=confirmed; level_type=rolling; primary_outcome=tp; exit=target; wick_ratio=0.4338440111420408; penetration_atr=0.4730362638832392; reclaim_atr=0.3493911414425664; level_id=rolling_high; bars_held=4.0; net_result_r=2.0; confirmation delay 2 bar(s) ok; review=between clean and marginal thresholds; human review required,2,2026-09-02T13:31:07+00:00,maybe,maybe,maybe,yes,60,between clean and marginal thresholds; human review required,confirmed,rolling,True,True,2.0,close_break,0.8449084503083208
R2-SWP-003418,SWP-003418,agent_5,ambiguous,round2 source=confirmed; level_type=rolling; primary_outcome=sl; exit=stop; wick_ratio=0.49919276719405586; penetration_atr=0.2748002338725451; reclaim_atr=0.3278113428181567; level_id=rolling_high; bars_held=10.0; net_result_r=-1.0; confirmation delay 2 bar(s) ok; review=between clean and marginal thresholds; human review required,2,2026-09-02T13:31:07+00:00,maybe,maybe,maybe,yes,47,between clean and marginal thresholds; human review required,confirmed,rolling,True,True,2.0,close_break,0.5874838615282596
R2-SWP-003438,SWP-003438,agent_5,correct,round2 source=confirmed; level_type=rolling; primary_outcome=tp; exit=target; wick_ratio=0.763869132290197; penetration_atr=0.35816014347500996; reclaim_atr=0.038400675176738654; level_id=rolling_low; bars_held=7.0; net_result_r=2.0; confirmation delay AT max_wait=3 bars (borderline); review=textbook sweep: clean directional wick with clear penetration,2,2026-09-02T13:31:07+00:00,yes,yes,yes,review,67,textbook sweep: clean directional wick with clear penetration,confirmed,rolling,True,True,3.0,close_break,0.5746997832581757
R2-SWP-003477,SWP-003477,agent_5,incorrect,round2 source=confirmed; level_type=rolling; primary_outcome=sl; exit=stop; wick_ratio=0.37037037037034726; penetration_atr=0.4907749077490323; reclaim_atr=0.6955719557196117; level_id=rolling_high; bars_held=15.0; net_result_r=-1.0; confirmation delay 1 bar(s) ok; review=marginal pattern: tiny wick/penetration candidate for spread noise,2,2026-09-02T13:31:07+00:00,no,no,no,yes,58,marginal pattern: tiny wick/penetration candidate for spread noise,confirmed,rolling,True,True,1.0,close_break,0.8046194623248641
R2-SWP-003527,SWP-003527,agent_5,correct,round2 source=confirmed; level_type=rolling; primary_outcome=time; exit=time; wick_ratio=0.7540415704387824; penetration_atr=0.3504394224732729; reclaim_atr=0.36691776522286185; level_id=rolling_high; bars_held=16.0; net_result_r=-0.21273901481571225; confirmation delay 1 bar(s) ok; review=textbook sweep: clean directional wick with clear penetration,2,2026-09-02T13:31:07+00:00,yes,yes,yes,yes,66,textbook sweep: clean directional wick with clear penetration,confirmed,rolling,True,True,1.0,close_break,0.7368215745153063
R2-SWP-003614,SWP-003614,agent_5,incorrect,round2 source=confirmed; level_type=rolling; primary_outcome=tp; exit=target; wick_ratio=0.6682539682539548; penetration_atr=0.062282398452616364; reclaim_atr=0.7040618955512351; level_id=rolling_low; bars_held=6.0; net_result_r=2.0; confirmation delay 2 bar(s) ok; review=marginal pattern: tiny wick/penetration candidate for spread noise,2,2026-09-02T13:31:07+00:00,no,no,no,yes,38,marginal pattern: tiny wick/penetration candidate for spread noise,confirmed,rolling,True,True,2.0,close_break,0.606251800940387
R2-SWP-003700,SWP-003700,agent_5,ambiguous,round2 source=confirmed; level_type=rolling; primary_outcome=ambiguous; exit=ambiguous; wick_ratio=0.7267080745341492; penetration_atr=0.4023703703703817; reclaim_atr=0.08296296296298183; level_id=rolling_low; bars_held=2.0; net_result_r=nan; confirmation delay 1 bar(s) ok; review=TP and SL inside the same candle: intrabar order unknown; human review required,2,2026-09-02T13:31:07+00:00,maybe,maybe,maybe,yes,69,TP and SL inside the same candle: intrabar order unknown; human review required,confirmed,rolling,True,True,1.0,close_break,0.7270075126112228
R2-SWP-003728,SWP-003728,agent_5,ambiguous,round2 source=confirmed; level_type=rolling; primary_outcome=sl; exit=stop; wick_ratio=0.48064085447263205; penetration_atr=0.26459712394427304; reclaim_atr=0.22752796165262085; level_id=rolling_high; bars_held=10.0; net_result_r=-1.0; confirmation delay 2 bar(s) ok; review=between clean and marginal thresholds; human review required,2,2026-09-02T13:31:07+00:00,maybe,maybe,maybe,yes,45,between clean and marginal thresholds; human review required,confirmed,rolling,True,True,2.0,close_break,0.8588030573443863
R2-SWP-003750,SWP-003750,agent_5,correct,round2 source=confirmed; level_type=rolling; primary_outcome=time; exit=time; wick_ratio=0.6989351403678902; penetration_atr=0.29787234042551297; reclaim_atr=0.29917593928954817; level_id=rolling_high; bars_held=16.0; net_result_r=0.03724609669240217; confirmation delay 2 bar(s) ok; review=textbook sweep: clean directional wick with clear penetration,2,2026-09-02T13:31:07+00:00,yes,yes,yes,yes,59,textbook sweep: clean directional wick with clear penetration,confirmed,rolling,True,True,2.0,close_break,0.6501335033677309
