review_id,event_id,reviewer,verdict,notes,review_version,reviewed_at,detector_correct,liquidity_level_clear,sweep_clear,confirmation_clear,reviewer_score,reviewer_comment
R1-SWP-000028,SWP-000028,agent_5,correct,primary_outcome=sl; exit=stop; wick_ratio=0.7704918032788596; penetration_atr=0.17364341085255097; reclaim_atr=0.40155038759701767; level_id=rolling_low; bars_held=4; net_result_r=-1.0; review=textbook sweep: clean directional wick with clear penetration,1,2026-09-02T11:18:24+00:00,yes,yes,yes,n/a,52,textbook sweep: clean directional wick with clear penetration
R1-SWP-000032,SWP-000032,agent_5,ambiguous,primary_outcome=ambiguous; exit=ambiguous; wick_ratio=0.5930232558139074; penetration_atr=0.16279069767448254; reclaim_atr=0.6279069767441456; level_id=rolling_low; bars_held=1; net_result_r=nan; review=TP and SL inside the same candle: intrabar order unknown; human review required,1,2026-09-02T11:18:24+00:00,maybe,yes,maybe,n/a,43,TP and SL inside the same candle: intrabar order unknown; human review required
R1-SWP-000042,SWP-000042,agent_5,ambiguous,primary_outcome=ambiguous; exit=ambiguous; wick_ratio=0.8612244897958615; penetration_atr=0.48185699039486635; reclaim_atr=0.3062966915688146; level_id=rolling_low; bars_held=2; net_result_r=nan; review=TP and SL inside the same candle: intrabar order unknown; human review required,1,2026-09-02T11:18:24+00:00,maybe,yes,maybe,n/a,82,TP and SL inside the same candle: intrabar order unknown; human review required
R1-SWP-000070,SWP-000070,agent_5,correct,primary_outcome=time; exit=time; wick_ratio=0.5044776119403285; penetration_atr=0.18518518518513682; reclaim_atr=0.708994708994785; level_id=rolling_high; bars_held=16; net_result_r=-0.8249068653539502; review=textbook sweep: clean directional wick with clear penetration,1,2026-09-02T11:18:24+00:00,yes,yes,yes,n/a,40,textbook sweep: clean directional wick with clear penetration
R1-SWP-000089,SWP-000089,agent_5,ambiguous,primary_outcome=tp; exit=target; wick_ratio=0.4176245210727452; penetration_atr=0.10153807677877899; reclaim_atr=0.13304989371013928; level_id=rolling_low; bars_held=2; net_result_r=2.0; review=between clean and marginal thresholds; human review required,1,2026-09-02T11:18:24+00:00,maybe,yes,maybe,n/a,29,between clean and marginal thresholds; human review required
R1-SWP-000097,SWP-000097,agent_5,incorrect,primary_outcome=time; exit=time; wick_ratio=0.37073170731707694; penetration_atr=0.2610402355251039; reclaim_atr=1.057899901864566; level_id=rolling_low; bars_held=16; net_result_r=1.1861124559096836; review=marginal pattern: tiny wick/penetration candidate for spread noise,1,2026-09-02T11:18:24+00:00,no,yes,no,n/a,39,marginal pattern: tiny wick/penetration candidate for spread noise
R1-SWP-000098,SWP-000098,agent_5,incorrect,primary_outcome=time; exit=time; wick_ratio=0.3727272727272834; penetration_atr=0.2921208346309908; reclaim_atr=1.1336032388663688; level_id=rolling_low; bars_held=16; net_result_r=1.2580194693489328; review=marginal pattern: tiny wick/penetration candidate for spread noise,1,2026-09-02T11:18:24+00:00,no,yes,no,n/a,42,marginal pattern: tiny wick/penetration candidate for spread noise
R1-SWP-000110,SWP-000110,agent_5,ambiguous,primary_outcome=sl; exit=stop; wick_ratio=0.460629921259833; penetration_atr=0.24331550802141377; reclaim_atr=0.3823529411764292; level_id=rolling_low; bars_held=1; net_result_r=-1.0; review=between clean and marginal thresholds; human review required,1,2026-09-02T11:18:24+00:00,maybe,yes,maybe,n/a,42,between clean and marginal thresholds; human review required
R1-SWP-000111,SWP-000111,agent_5,ambiguous,primary_outcome=ambiguous; exit=ambiguous; wick_ratio=0.476190476190502; penetration_atr=0.19112627986354963; reclaim_atr=0.021236253318145357; level_id=rolling_low; bars_held=1; net_result_r=nan; review=TP and SL inside the same candle: intrabar order unknown; human review required,1,2026-09-02T11:18:24+00:00,maybe,yes,maybe,n/a,39,TP and SL inside the same candle: intrabar order unknown; human review required
R1-SWP-000138,SWP-000138,agent_5,ambiguous,primary_outcome=ambiguous; exit=ambiguous; wick_ratio=0.38848920863310293; penetration_atr=0.0967184801380819; reclaim_atr=0.3385146804836532; level_id=rolling_high; bars_held=2; net_result_r=nan; review=TP and SL inside the same candle: intrabar order unknown; human review required,1,2026-09-02T11:18:24+00:00,maybe,yes,maybe,n/a,27,TP and SL inside the same candle: intrabar order unknown; human review required
R1-SWP-000140,SWP-000140,agent_5,incorrect,primary_outcome=sl; exit=stop; wick_ratio=0.6839622641509266; penetration_atr=0.09213281483698278; reclaim_atr=0.5151061920430747; level_id=rolling_low; bars_held=4; net_result_r=-1.0; review=marginal pattern: tiny wick/penetration candidate for spread noise,1,2026-09-02T11:18:24+00:00,no,yes,no,n/a,42,marginal pattern: tiny wick/penetration candidate for spread noise
R1-SWP-000163,SWP-000163,agent_5,ambiguous,primary_outcome=tp; exit=target; wick_ratio=0.528301886792496; penetration_atr=0.10676835081034773; reclaim_atr=0.4537654909437882; level_id=rolling_low; bars_held=3; net_result_r=2.0; review=between clean and marginal thresholds; human review required,1,2026-09-02T11:18:24+00:00,maybe,yes,maybe,n/a,35,between clean and marginal thresholds; human review required
R1-SWP-000210,SWP-000210,agent_5,ambiguous,primary_outcome=ambiguous; exit=ambiguous; wick_ratio=0.7916666666666614; penetration_atr=0.3447495046702094; reclaim_atr=0.8004528729125334; level_id=rolling_high; bars_held=3; net_result_r=nan; review=TP and SL inside the same candle: intrabar order unknown; human review required,1,2026-09-02T11:18:24+00:00,maybe,yes,maybe,n/a,67,TP and SL inside the same candle: intrabar order unknown; human review required
R1-SWP-000221,SWP-000221,agent_5,incorrect,primary_outcome=tp; exit=target; wick_ratio=0.44594594594596504; penetration_atr=0.08554842652003103; reclaim_atr=0.6202260922701034; level_id=rolling_high; bars_held=2; net_result_r=2.0; review=marginal pattern: tiny wick/penetration candidate for spread noise,1,2026-09-02T11:18:24+00:00,no,yes,no,n/a,29,marginal pattern: tiny wick/penetration candidate for spread noise
R1-SWP-000269,SWP-000269,agent_5,incorrect,primary_outcome=tp; exit=target; wick_ratio=0.4137931034481812; penetration_atr=0.0891719745224118; reclaim_atr=0.12484076433109267; level_id=rolling_high; bars_held=1; net_result_r=2.0; review=marginal pattern: tiny wick/penetration candidate for spread noise,1,2026-09-02T11:18:24+00:00,no,yes,no,n/a,28,marginal pattern: tiny wick/penetration candidate for spread noise
R1-SWP-000287,SWP-000287,agent_5,ambiguous,primary_outcome=ambiguous; exit=ambiguous; wick_ratio=0.5300859598854245; penetration_atr=0.2920317062995394; reclaim_atr=0.2482269503546483; level_id=rolling_high; bars_held=1; net_result_r=nan; review=TP and SL inside the same candle: intrabar order unknown; human review required,1,2026-09-02T11:18:24+00:00,maybe,yes,maybe,n/a,50,TP and SL inside the same candle: intrabar order unknown; human review required
R1-SWP-000296,SWP-000296,agent_5,correct,primary_outcome=sl; exit=stop; wick_ratio=0.5748792270531842; penetration_atr=0.28306655433867867; reclaim_atr=0.48357203032856483; level_id=rolling_low; bars_held=7; net_result_r=-1.0; review=textbook sweep: clean directional wick with clear penetration,1,2026-09-02T11:18:24+00:00,yes,yes,yes,n/a,51,textbook sweep: clean directional wick with clear penetration
R1-SWP-000308,SWP-000308,agent_5,correct,primary_outcome=sl; exit=stop; wick_ratio=0.8295964125560062; penetration_atr=0.2226086956521309; reclaim_atr=0.42086956521740637; level_id=rolling_high; bars_held=1; net_result_r=-1.0; review=textbook sweep: clean directional wick with clear penetration,1,2026-09-02T11:18:24+00:00,yes,yes,yes,n/a,59,textbook sweep: clean directional wick with clear penetration
R1-SWP-000348,SWP-000348,agent_5,correct,primary_outcome=sl; exit=stop; wick_ratio=0.7962962962963275; penetration_atr=0.3161416225257632; reclaim_atr=0.18734318371899053; level_id=rolling_low; bars_held=1; net_result_r=-1.0; review=textbook sweep: clean directional wick with clear penetration,1,2026-09-02T11:18:24+00:00,yes,yes,yes,n/a,65,textbook sweep: clean directional wick with clear penetration
R1-SWP-000383,SWP-000383,agent_5,ambiguous,primary_outcome=ambiguous; exit=ambiguous; wick_ratio=0.5575221238938035; penetration_atr=0.1731512496779259; reclaim_atr=0.30662200463794936; level_id=rolling_high; bars_held=5; net_result_r=nan; review=TP and SL inside the same candle: intrabar order unknown; human review required,1,2026-09-02T11:18:24+00:00,maybe,yes,maybe,n/a,42,TP and SL inside the same candle: intrabar order unknown; human review required
R1-SWP-000425,SWP-000425,agent_5,incorrect,primary_outcome=tp; exit=target; wick_ratio=0.4268292682927641; penetration_atr=0.08850256815492258; reclaim_atr=0.22125642038724355; level_id=rolling_low; bars_held=2; net_result_r=2.0; review=marginal pattern: tiny wick/penetration candidate for spread noise,1,2026-09-02T11:18:24+00:00,no,yes,no,n/a,28,marginal pattern: tiny wick/penetration candidate for spread noise
R1-SWP-000477,SWP-000477,agent_5,ambiguous,primary_outcome=tp; exit=target; wick_ratio=0.41176470588227426; penetration_atr=0.13725490196077297; reclaim_atr=0.1474219317356365; level_id=rolling_low; bars_held=2; net_result_r=2.0; review=between clean and marginal thresholds; human review required,1,2026-09-02T11:18:24+00:00,maybe,yes,maybe,n/a,32,between clean and marginal thresholds; human review required
R1-SWP-000486,SWP-000486,agent_5,ambiguous,primary_outcome=ambiguous; exit=ambiguous; wick_ratio=0.4591836734694256; penetration_atr=0.23476482617591554; reclaim_atr=0.022903885480551722; level_id=rolling_low; bars_held=1; net_result_r=nan; review=TP and SL inside the same candle: intrabar order unknown; human review required,1,2026-09-02T11:18:24+00:00,maybe,yes,maybe,n/a,42,TP and SL inside the same candle: intrabar order unknown; human review required
R1-SWP-000508,SWP-000508,agent_5,correct,primary_outcome=tp; exit=target; wick_ratio=0.5418719211822285; penetration_atr=0.37820801440786256; reclaim_atr=0.31517334533993324; level_id=rolling_high; bars_held=2; net_result_r=2.0; review=textbook sweep: clean directional wick with clear penetration,1,2026-09-02T11:18:24+00:00,yes,yes,yes,n/a,57,textbook sweep: clean directional wick with clear penetration
R1-SWP-000517,SWP-000517,agent_5,ambiguous,primary_outcome=ambiguous; exit=ambiguous; wick_ratio=0.5495867768595515; penetration_atr=0.22201492537323347; reclaim_atr=0.6464552238806149; level_id=rolling_high; bars_held=1; net_result_r=nan; review=TP and SL inside the same candle: intrabar order unknown; human review required,1,2026-09-02T11:18:24+00:00,maybe,yes,maybe,n/a,45,TP and SL inside the same candle: intrabar order unknown; human review required
R1-SWP-000545,SWP-000545,agent_5,incorrect,primary_outcome=tp; exit=target; wick_ratio=0.574468085106311; penetration_atr=0.0923178371249793; reclaim_atr=0.2815694032310767; level_id=rolling_high; bars_held=7; net_result_r=2.0; review=marginal pattern: tiny wick/penetration candidate for spread noise,1,2026-09-02T11:18:24+00:00,no,yes,no,n/a,36,marginal pattern: tiny wick/penetration candidate for spread noise
R1-SWP-000630,SWP-000630,agent_5,ambiguous,primary_outcome=ambiguous; exit=ambiguous; wick_ratio=0.7339449541283006; penetration_atr=0.0890774125132578; reclaim_atr=0.20784729586424008; level_id=rolling_low; bars_held=1; net_result_r=nan; review=TP and SL inside the same candle: intrabar order unknown; human review required,1,2026-09-02T11:18:24+00:00,maybe,yes,maybe,n/a,44,TP and SL inside the same candle: intrabar order unknown; human review required
R1-SWP-000670,SWP-000670,agent_5,incorrect,primary_outcome=tp; exit=target; wick_ratio=0.38728323699425765; penetration_atr=0.3176265270506913; reclaim_atr=0.5538103548573402; level_id=rolling_high; bars_held=8; net_result_r=2.0; review=marginal pattern: tiny wick/penetration candidate for spread noise,1,2026-09-02T11:18:24+00:00,no,yes,no,n/a,45,marginal pattern: tiny wick/penetration candidate for spread noise
R1-SWP-000680,SWP-000680,agent_5,incorrect,primary_outcome=sl; exit=stop; wick_ratio=0.364705882352916; penetration_atr=0.2054607508531612; reclaim_atr=0.09078498293517838; level_id=rolling_high; bars_held=1; net_result_r=-1.0; review=marginal pattern: tiny wick/penetration candidate for spread noise,1,2026-09-02T11:18:24+00:00,no,yes,no,n/a,35,marginal pattern: tiny wick/penetration candidate for spread noise
R1-SWP-000709,SWP-000709,agent_5,ambiguous,primary_outcome=ambiguous; exit=ambiguous; wick_ratio=0.44660194174761997; penetration_atr=0.20551378446119345; reclaim_atr=0.02506265664158116; level_id=rolling_low; bars_held=1; net_result_r=nan; review=TP and SL inside the same candle: intrabar order unknown; human review required,1,2026-09-02T11:18:24+00:00,maybe,yes,maybe,n/a,39,TP and SL inside the same candle: intrabar order unknown; human review required
R1-SWP-000750,SWP-000750,agent_5,correct,primary_outcome=sl; exit=stop; wick_ratio=0.6173469387755173; penetration_atr=0.20900900900898206; reclaim_atr=0.37117117117116005; level_id=rolling_high; bars_held=4; net_result_r=-1.0; review=textbook sweep: clean directional wick with clear penetration,1,2026-09-02T11:18:24+00:00,yes,yes,yes,n/a,48,textbook sweep: clean directional wick with clear penetration
R1-SWP-000759,SWP-000759,agent_5,incorrect,primary_outcome=tp; exit=target; wick_ratio=0.3658536585365583; penetration_atr=0.30016492578330234; reclaim_atr=0.16162726772955124; level_id=rolling_low; bars_held=3; net_result_r=2.0; review=marginal pattern: tiny wick/penetration candidate for spread noise,1,2026-09-02T11:18:24+00:00,no,yes,no,n/a,42,marginal pattern: tiny wick/penetration candidate for spread noise
R1-SWP-000793,SWP-000793,agent_5,correct,primary_outcome=tp; exit=target; wick_ratio=0.5918367346937923; penetration_atr=0.207407407407398; reclaim_atr=0.3589743589742101; level_id=rolling_high; bars_held=3; net_result_r=2.0; review=textbook sweep: clean directional wick with clear penetration,1,2026-09-02T11:18:24+00:00,yes,yes,yes,n/a,46,textbook sweep: clean directional wick with clear penetration
R1-SWP-000805,SWP-000805,agent_5,ambiguous,primary_outcome=ambiguous; exit=ambiguous; wick_ratio=0.3620689655169575; penetration_atr=0.16583541147117362; reclaim_atr=0.0174563591022288; level_id=rolling_high; bars_held=1; net_result_r=nan; review=TP and SL inside the same candle: intrabar order unknown; human review required,1,2026-09-02T11:18:24+00:00,maybe,yes,maybe,n/a,31,TP and SL inside the same candle: intrabar order unknown; human review required
R1-SWP-000840,SWP-000840,agent_5,ambiguous,primary_outcome=ambiguous; exit=ambiguous; wick_ratio=0.4948453608246287; penetration_atr=0.41844577284362144; reclaim_atr=0.2630230572160916; level_id=rolling_high; bars_held=1; net_result_r=nan; review=TP and SL inside the same candle: intrabar order unknown; human review required,1,2026-09-02T11:18:24+00:00,maybe,yes,maybe,n/a,58,TP and SL inside the same candle: intrabar order unknown; human review required
R1-SWP-000883,SWP-000883,agent_5,correct,primary_outcome=tp; exit=target; wick_ratio=0.5425531914893862; penetration_atr=0.24815724815724488; reclaim_atr=0.002457002457000212; level_id=rolling_high; bars_held=2; net_result_r=2.0; review=textbook sweep: clean directional wick with clear penetration,1,2026-09-02T11:18:24+00:00,yes,yes,yes,n/a,47,textbook sweep: clean directional wick with clear penetration
R1-SWP-000918,SWP-000918,agent_5,incorrect,primary_outcome=sl; exit=stop; wick_ratio=0.69709543568465; penetration_atr=0.09057527539782674; reclaim_atr=0.4308445532435765; level_id=rolling_low; bars_held=12; net_result_r=-1.0; review=marginal pattern: tiny wick/penetration candidate for spread noise,1,2026-09-02T11:18:24+00:00,no,yes,no,n/a,42,marginal pattern: tiny wick/penetration candidate for spread noise
R1-SWP-001094,SWP-001094,agent_5,ambiguous,primary_outcome=ambiguous; exit=ambiguous; wick_ratio=0.3854166666665384; penetration_atr=0.26286509040331413; reclaim_atr=0.09735744089003436; level_id=rolling_low; bars_held=2; net_result_r=nan; review=TP and SL inside the same candle: intrabar order unknown; human review required,1,2026-09-02T11:18:24+00:00,maybe,yes,maybe,n/a,40,TP and SL inside the same candle: intrabar order unknown; human review required
R1-SWP-001106,SWP-001106,agent_5,correct,primary_outcome=sl; exit=stop; wick_ratio=0.8552631578948667; penetration_atr=0.26819923371643306; reclaim_atr=0.3128991060026746; level_id=rolling_high; bars_held=1; net_result_r=-1.0; review=textbook sweep: clean directional wick with clear penetration,1,2026-09-02T11:18:24+00:00,yes,yes,yes,n/a,64,textbook sweep: clean directional wick with clear penetration
R1-SWP-001197,SWP-001197,agent_5,correct,primary_outcome=sl; exit=stop; wick_ratio=0.5106382978723302; penetration_atr=0.4053075995175081; reclaim_atr=0.10132689987966502; level_id=rolling_low; bars_held=1; net_result_r=-1.0; review=textbook sweep: clean directional wick with clear penetration,1,2026-09-02T11:18:24+00:00,yes,yes,yes,n/a,58,textbook sweep: clean directional wick with clear penetration
R1-SWP-001208,SWP-001208,agent_5,incorrect,primary_outcome=sl; exit=stop; wick_ratio=0.6250000000000367; penetration_atr=0.09980806142034254; reclaim_atr=0.4568138195777586; level_id=rolling_low; bars_held=1; net_result_r=-1.0; review=marginal pattern: tiny wick/penetration candidate for spread noise,1,2026-09-02T11:18:24+00:00,no,yes,no,n/a,39,marginal pattern: tiny wick/penetration candidate for spread noise
R1-SWP-001220,SWP-001220,agent_5,correct,primary_outcome=sl; exit=stop; wick_ratio=0.7454545454545493; penetration_atr=0.23612388837778273; reclaim_atr=0.6310947562097741; level_id=rolling_low; bars_held=6; net_result_r=-1.0; review=textbook sweep: clean directional wick with clear penetration,1,2026-09-02T11:18:24+00:00,yes,yes,yes,n/a,56,textbook sweep: clean directional wick with clear penetration
R1-SWP-001254,SWP-001254,agent_5,ambiguous,primary_outcome=sl; exit=stop; wick_ratio=0.48235294117648947; penetration_atr=0.27323420074354776; reclaim_atr=0.6505576208178582; level_id=rolling_high; bars_held=1; net_result_r=-1.0; review=between clean and marginal thresholds; human review required,1,2026-09-02T11:18:24+00:00,maybe,yes,maybe,n/a,46,between clean and marginal thresholds; human review required
R1-SWP-001259,SWP-001259,agent_5,ambiguous,primary_outcome=time; exit=time; wick_ratio=0.4518828451883303; penetration_atr=0.1301652892562443; reclaim_atr=0.6146694214875371; level_id=rolling_high; bars_held=16; net_result_r=0.3539713862852135; review=between clean and marginal thresholds; human review required,1,2026-09-02T11:18:24+00:00,maybe,yes,maybe,n/a,33,between clean and marginal thresholds; human review required
R1-SWP-001279,SWP-001279,agent_5,incorrect,primary_outcome=sl; exit=stop; wick_ratio=0.6306306306307284; penetration_atr=0.07502679528396114; reclaim_atr=0.2750982493748654; level_id=rolling_high; bars_held=2; net_result_r=-1.0; review=marginal pattern: tiny wick/penetration candidate for spread noise,1,2026-09-02T11:18:24+00:00,no,yes,no,n/a,38,marginal pattern: tiny wick/penetration candidate for spread noise
R1-SWP-001283,SWP-001283,agent_5,incorrect,primary_outcome=sl; exit=stop; wick_ratio=0.36437246963566033; penetration_atr=0.08710680954029885; reclaim_atr=0.3484272381610854; level_id=rolling_high; bars_held=3; net_result_r=-1.0; review=marginal pattern: tiny wick/penetration candidate for spread noise,1,2026-09-02T11:18:24+00:00,no,yes,no,n/a,25,marginal pattern: tiny wick/penetration candidate for spread noise
R1-SWP-001318,SWP-001318,agent_5,ambiguous,primary_outcome=tp; exit=target; wick_ratio=0.4166666666667456; penetration_atr=0.150537634408465; reclaim_atr=0.20527859237549068; level_id=rolling_high; bars_held=1; net_result_r=2.0; review=between clean and marginal thresholds; human review required,1,2026-09-02T11:18:24+00:00,maybe,yes,maybe,n/a,33,between clean and marginal thresholds; human review required
R1-SWP-001362,SWP-001362,agent_5,ambiguous,primary_outcome=ambiguous; exit=ambiguous; wick_ratio=0.4444444444444532; penetration_atr=0.1503579952266886; reclaim_atr=0.384248210023897; level_id=rolling_high; bars_held=1; net_result_r=nan; review=TP and SL inside the same candle: intrabar order unknown; human review required,1,2026-09-02T11:18:24+00:00,maybe,yes,maybe,n/a,34,TP and SL inside the same candle: intrabar order unknown; human review required
R1-SWP-001388,SWP-001388,agent_5,incorrect,primary_outcome=tp; exit=target; wick_ratio=0.6025641025640128; penetration_atr=0.06536964980538848; reclaim_atr=0.34863813229573554; level_id=rolling_low; bars_held=3; net_result_r=2.0; review=marginal pattern: tiny wick/penetration candidate for spread noise,1,2026-09-02T11:18:24+00:00,no,yes,no,n/a,35,marginal pattern: tiny wick/penetration candidate for spread noise
R1-SWP-001399,SWP-001399,agent_5,incorrect,primary_outcome=sl; exit=stop; wick_ratio=0.3506261180679759; penetration_atr=0.2302006335797555; reclaim_atr=0.5765575501583972; level_id=rolling_high; bars_held=2; net_result_r=-1.0; review=marginal pattern: tiny wick/penetration candidate for spread noise,1,2026-09-02T11:18:24+00:00,no,yes,no,n/a,36,marginal pattern: tiny wick/penetration candidate for spread noise
R1-SWP-001409,SWP-001409,agent_5,correct,primary_outcome=sl; exit=stop; wick_ratio=0.6733668341709244; penetration_atr=0.3235555555555475; reclaim_atr=0.7342222222222692; level_id=rolling_low; bars_held=2; net_result_r=-1.0; review=textbook sweep: clean directional wick with clear penetration,1,2026-09-02T11:18:24+00:00,yes,yes,yes,n/a,60,textbook sweep: clean directional wick with clear penetration
R1-SWP-001413,SWP-001413,agent_5,correct,primary_outcome=tp; exit=target; wick_ratio=0.7368421052632119; penetration_atr=0.2997183098590501; reclaim_atr=0.5442253521126982; level_id=rolling_high; bars_held=2; net_result_r=2.0; review=textbook sweep: clean directional wick with clear penetration,1,2026-09-02T11:18:24+00:00,yes,yes,yes,n/a,61,textbook sweep: clean directional wick with clear penetration
R1-SWP-001417,SWP-001417,agent_5,correct,primary_outcome=tp; exit=target; wick_ratio=0.8116883116883309; penetration_atr=0.19999999999998144; reclaim_atr=0.7428571428571203; level_id=rolling_high; bars_held=4; net_result_r=2.0; review=textbook sweep: clean directional wick with clear penetration,1,2026-09-02T11:18:24+00:00,yes,yes,yes,n/a,57,textbook sweep: clean directional wick with clear penetration
R1-SWP-001418,SWP-001418,agent_5,correct,primary_outcome=sl; exit=stop; wick_ratio=0.7524271844660173; penetration_atr=0.32318271119844505; reclaim_atr=0.7426326129665466; level_id=rolling_low; bars_held=13; net_result_r=-1.0; review=textbook sweep: clean directional wick with clear penetration,1,2026-09-02T11:18:24+00:00,yes,yes,yes,n/a,63,textbook sweep: clean directional wick with clear penetration
R1-SWP-001439,SWP-001439,agent_5,incorrect,primary_outcome=sl; exit=stop; wick_ratio=0.39153439153437564; penetration_atr=0.18115942028985568; reclaim_atr=0.3550724637681237; level_id=rolling_low; bars_held=5; net_result_r=-1.0; review=marginal pattern: tiny wick/penetration candidate for spread noise,1,2026-09-02T11:18:24+00:00,no,yes,no,n/a,34,marginal pattern: tiny wick/penetration candidate for spread noise
R1-SWP-001444,SWP-001444,agent_5,ambiguous,primary_outcome=ambiguous; exit=ambiguous; wick_ratio=0.3931297709923724; penetration_atr=0.11726804123710945; reclaim_atr=0.4780927835051306; level_id=rolling_high; bars_held=2; net_result_r=nan; review=TP and SL inside the same candle: intrabar order unknown; human review required,1,2026-09-02T11:18:24+00:00,maybe,yes,maybe,n/a,29,TP and SL inside the same candle: intrabar order unknown; human review required
R1-SWP-001448,SWP-001448,agent_5,ambiguous,primary_outcome=tp; exit=target; wick_ratio=0.4843750000000148; penetration_atr=0.2644503211182445; reclaim_atr=0.22742727616172395; level_id=rolling_low; bars_held=2; net_result_r=2.0; review=between clean and marginal thresholds; human review required,1,2026-09-02T11:18:24+00:00,maybe,yes,maybe,n/a,45,between clean and marginal thresholds; human review required
R1-SWP-001454,SWP-001454,agent_5,incorrect,primary_outcome=time; exit=time; wick_ratio=0.3842592592592515; penetration_atr=0.08069164265122412; reclaim_atr=0.7463976945245112; level_id=rolling_low; bars_held=16; net_result_r=1.1206092632888334; review=marginal pattern: tiny wick/penetration candidate for spread noise,1,2026-09-02T11:18:24+00:00,no,yes,no,n/a,26,marginal pattern: tiny wick/penetration candidate for spread noise
R1-SWP-001512,SWP-001512,agent_5,incorrect,primary_outcome=tp; exit=target; wick_ratio=0.37704918032789025; penetration_atr=0.3042181508308392; reclaim_atr=0.8768640818065684; level_id=rolling_low; bars_held=16; net_result_r=2.0; review=marginal pattern: tiny wick/penetration candidate for spread noise,1,2026-09-02T11:18:24+00:00,no,yes,no,n/a,43,marginal pattern: tiny wick/penetration candidate for spread noise
R1-SWP-001538,SWP-001538,agent_5,ambiguous,primary_outcome=sl; exit=stop; wick_ratio=0.4024390243901864; penetration_atr=0.11946666666656092; reclaim_atr=0.7317333333333647; level_id=rolling_high; bars_held=7; net_result_r=-1.0; review=between clean and marginal thresholds; human review required,1,2026-09-02T11:18:24+00:00,maybe,yes,maybe,n/a,30,between clean and marginal thresholds; human review required
R1-SWP-001560,SWP-001560,agent_5,correct,primary_outcome=sl; exit=stop; wick_ratio=0.6243654822335031; penetration_atr=0.4107255520504919; reclaim_atr=0.13249211356464566; level_id=rolling_low; bars_held=7; net_result_r=-1.0; review=textbook sweep: clean directional wick with clear penetration,1,2026-09-02T11:18:24+00:00,yes,yes,yes,n/a,64,textbook sweep: clean directional wick with clear penetration
R1-SWP-001569,SWP-001569,agent_5,ambiguous,primary_outcome=ambiguous; exit=ambiguous; wick_ratio=0.5025906735750685; penetration_atr=0.23028037383168917; reclaim_atr=0.2773831775700839; level_id=rolling_high; bars_held=2; net_result_r=nan; review=TP and SL inside the same candle: intrabar order unknown; human review required,1,2026-09-02T11:18:24+00:00,maybe,yes,maybe,n/a,44,TP and SL inside the same candle: intrabar order unknown; human review required
R1-SWP-001599,SWP-001599,agent_5,ambiguous,primary_outcome=ambiguous; exit=ambiguous; wick_ratio=0.36040609137053026; penetration_atr=0.07481923923297777; reclaim_atr=0.23766111285757635; level_id=rolling_low; bars_held=1; net_result_r=nan; review=TP and SL inside the same candle: intrabar order unknown; human review required,1,2026-09-02T11:18:24+00:00,maybe,yes,maybe,n/a,24,TP and SL inside the same candle: intrabar order unknown; human review required
R1-SWP-001641,SWP-001641,agent_5,correct,primary_outcome=tp; exit=target; wick_ratio=0.6891271056661351; penetration_atr=0.3864118895966418; reclaim_atr=0.5850933065146587; level_id=rolling_low; bars_held=10; net_result_r=2.0; review=textbook sweep: clean directional wick with clear penetration,1,2026-09-02T11:18:24+00:00,yes,yes,yes,n/a,65,textbook sweep: clean directional wick with clear penetration
R1-SWP-001746,SWP-001746,agent_5,ambiguous,primary_outcome=ambiguous; exit=ambiguous; wick_ratio=0.44444444444456266; penetration_atr=0.053968253968277174; reclaim_atr=0.18730158730163388; level_id=rolling_low; bars_held=2; net_result_r=nan; review=TP and SL inside the same candle: intrabar order unknown; human review required,1,2026-09-02T11:18:24+00:00,maybe,yes,maybe,n/a,27,TP and SL inside the same candle: intrabar order unknown; human review required
R1-SWP-001767,SWP-001767,agent_5,incorrect,primary_outcome=tp; exit=target; wick_ratio=0.3636363636363043; penetration_atr=0.3027919779786332; reclaim_atr=0.5835627211954435; level_id=rolling_high; bars_held=1; net_result_r=2.0; review=marginal pattern: tiny wick/penetration candidate for spread noise,1,2026-09-02T11:18:24+00:00,no,yes,no,n/a,42,marginal pattern: tiny wick/penetration candidate for spread noise
R1-SWP-001812,SWP-001812,agent_5,correct,primary_outcome=tp; exit=target; wick_ratio=0.7654320987655361; penetration_atr=0.2638842140693109; reclaim_atr=0.6125883540896172; level_id=rolling_low; bars_held=3; net_result_r=2.0; review=textbook sweep: clean directional wick with clear penetration,1,2026-09-02T11:18:24+00:00,yes,yes,yes,n/a,59,textbook sweep: clean directional wick with clear penetration
R1-SWP-001820,SWP-001820,agent_5,ambiguous,primary_outcome=sl; exit=stop; wick_ratio=0.5421686746986235; penetration_atr=0.14485458612971583; reclaim_atr=0.20749440715874362; level_id=rolling_high; bars_held=9; net_result_r=-1.0; review=between clean and marginal thresholds; human review required,1,2026-09-02T11:18:24+00:00,maybe,yes,maybe,n/a,39,between clean and marginal thresholds; human review required
R1-SWP-001861,SWP-001861,agent_5,ambiguous,primary_outcome=ambiguous; exit=ambiguous; wick_ratio=0.680981595092057; penetration_atr=0.08857461853371895; reclaim_atr=0.4897655377745001; level_id=rolling_low; bars_held=4; net_result_r=nan; review=TP and SL inside the same candle: intrabar order unknown; human review required,1,2026-09-02T11:18:24+00:00,maybe,yes,maybe,n/a,41,TP and SL inside the same candle: intrabar order unknown; human review required
R1-SWP-001867,SWP-001867,agent_5,correct,primary_outcome=tp; exit=target; wick_ratio=0.577338129496415; penetration_atr=0.44597249508840936; reclaim_atr=0.27308447937129393; level_id=rolling_low; bars_held=2; net_result_r=2.0; review=textbook sweep: clean directional wick with clear penetration,1,2026-09-02T11:18:24+00:00,yes,yes,yes,n/a,65,textbook sweep: clean directional wick with clear penetration
R1-SWP-001898,SWP-001898,agent_5,ambiguous,primary_outcome=sl; exit=stop; wick_ratio=0.4681372549019335; penetration_atr=0.28974600188144556; reclaim_atr=0.21335841956724955; level_id=rolling_low; bars_held=5; net_result_r=-1.0; review=between clean and marginal thresholds; human review required,1,2026-09-02T11:18:24+00:00,maybe,yes,maybe,n/a,47,between clean and marginal thresholds; human review required
R1-SWP-001932,SWP-001932,agent_5,ambiguous,primary_outcome=ambiguous; exit=ambiguous; wick_ratio=0.4313725490195729; penetration_atr=0.09688581314887454; reclaim_atr=0.23103540058554312; level_id=rolling_high; bars_held=1; net_result_r=nan; review=TP and SL inside the same candle: intrabar order unknown; human review required,1,2026-09-02T11:18:24+00:00,maybe,yes,maybe,n/a,29,TP and SL inside the same candle: intrabar order unknown; human review required
R1-SWP-001943,SWP-001943,agent_5,correct,primary_outcome=time; exit=time; wick_ratio=0.6606217616580164; penetration_atr=0.2803057881324871; reclaim_atr=0.5835456862031257; level_id=rolling_high; bars_held=16; net_result_r=1.1156853117800842; review=textbook sweep: clean directional wick with clear penetration,1,2026-09-02T11:18:24+00:00,yes,yes,yes,n/a,55,textbook sweep: clean directional wick with clear penetration
R1-SWP-001947,SWP-001947,agent_5,ambiguous,primary_outcome=sl; exit=stop; wick_ratio=0.4320987654321219; penetration_atr=0.32930107526895325; reclaim_atr=0.16465053763436965; level_id=rolling_high; bars_held=1; net_result_r=-1.0; review=between clean and marginal thresholds; human review required,1,2026-09-02T11:18:24+00:00,maybe,yes,maybe,n/a,48,between clean and marginal thresholds; human review required
R1-SWP-001962,SWP-001962,agent_5,ambiguous,primary_outcome=sl; exit=stop; wick_ratio=0.5920398009951217; penetration_atr=0.10771411216848636; reclaim_atr=0.2296011338327448; level_id=rolling_high; bars_held=1; net_result_r=-1.0; review=between clean and marginal thresholds; human review required,1,2026-09-02T11:18:24+00:00,maybe,yes,maybe,n/a,38,between clean and marginal thresholds; human review required
R1-SWP-001969,SWP-001969,agent_5,ambiguous,primary_outcome=ambiguous; exit=ambiguous; wick_ratio=0.6422764227643118; penetration_atr=0.1780918727915101; reclaim_atr=0.6035335689047286; level_id=rolling_high; bars_held=3; net_result_r=nan; review=TP and SL inside the same candle: intrabar order unknown; human review required,1,2026-09-02T11:18:24+00:00,maybe,yes,maybe,n/a,46,TP and SL inside the same candle: intrabar order unknown; human review required
R1-SWP-001993,SWP-001993,agent_5,ambiguous,primary_outcome=ambiguous; exit=ambiguous; wick_ratio=0.47841726618706804; penetration_atr=0.17953321364452943; reclaim_atr=0.2980251346498927; level_id=rolling_low; bars_held=1; net_result_r=nan; review=TP and SL inside the same candle: intrabar order unknown; human review required,1,2026-09-02T11:18:24+00:00,maybe,yes,maybe,n/a,38,TP and SL inside the same candle: intrabar order unknown; human review required
R1-SWP-002011,SWP-002011,agent_5,ambiguous,primary_outcome=tp; exit=target; wick_ratio=0.407079646017692; penetration_atr=0.16521292970754956; reclaim_atr=0.16521292970754956; level_id=rolling_low; bars_held=2; net_result_r=2.0; review=between clean and marginal thresholds; human review required,1,2026-09-02T11:18:24+00:00,maybe,yes,maybe,n/a,34,between clean and marginal thresholds; human review required
R1-SWP-002027,SWP-002027,agent_5,incorrect,primary_outcome=tp; exit=target; wick_ratio=0.38738738738738493; penetration_atr=0.4174950298209701; reclaim_atr=0.36182902584487686; level_id=rolling_high; bars_held=2; net_result_r=2.0; review=marginal pattern: tiny wick/penetration candidate for spread noise,1,2026-09-02T11:18:24+00:00,no,yes,no,n/a,53,marginal pattern: tiny wick/penetration candidate for spread noise
R1-SWP-002082,SWP-002082,agent_5,correct,primary_outcome=time; exit=time; wick_ratio=0.5034674063800403; penetration_atr=0.19046673286989407; reclaim_atr=0.7368421052631778; level_id=rolling_high; bars_held=16; net_result_r=0.40789855773887224; review=textbook sweep: clean directional wick with clear penetration,1,2026-09-02T11:18:24+00:00,yes,yes,yes,n/a,40,textbook sweep: clean directional wick with clear penetration
R1-SWP-002103,SWP-002103,agent_5,correct,primary_outcome=tp; exit=target; wick_ratio=0.5578947368420498; penetration_atr=0.3839122486288893; reclaim_atr=0.1586837294332463; level_id=rolling_low; bars_held=2; net_result_r=2.0; review=textbook sweep: clean directional wick with clear penetration,1,2026-09-02T11:18:24+00:00,yes,yes,yes,n/a,59,textbook sweep: clean directional wick with clear penetration
R1-SWP-002126,SWP-002126,agent_5,ambiguous,primary_outcome=ambiguous; exit=ambiguous; wick_ratio=0.43283582089559075; penetration_atr=0.25860195581321643; reclaim_atr=0.3295907279971417; level_id=rolling_high; bars_held=1; net_result_r=nan; review=TP and SL inside the same candle: intrabar order unknown; human review required,1,2026-09-02T11:18:24+00:00,maybe,yes,maybe,n/a,42,TP and SL inside the same candle: intrabar order unknown; human review required
R1-SWP-002140,SWP-002140,agent_5,ambiguous,primary_outcome=ambiguous; exit=ambiguous; wick_ratio=0.3920972644376832; penetration_atr=0.1075220239440273; reclaim_atr=0.30042918454930195; level_id=rolling_high; bars_held=1; net_result_r=nan; review=TP and SL inside the same candle: intrabar order unknown; human review required,1,2026-09-02T11:18:24+00:00,maybe,yes,maybe,n/a,28,TP and SL inside the same candle: intrabar order unknown; human review required
R1-SWP-002147,SWP-002147,agent_5,ambiguous,primary_outcome=tp; exit=target; wick_ratio=0.69552238805974; penetration_atr=0.10652920962212765; reclaim_atr=0.7044673539517765; level_id=rolling_low; bars_held=3; net_result_r=2.0; review=between clean and marginal thresholds; human review required,1,2026-09-02T11:18:24+00:00,maybe,yes,maybe,n/a,43,between clean and marginal thresholds; human review required
R1-SWP-002148,SWP-002148,agent_5,ambiguous,primary_outcome=ambiguous; exit=ambiguous; wick_ratio=0.4846625766870618; penetration_atr=0.27847571189273745; reclaim_atr=0.0029313232831459923; level_id=rolling_high; bars_held=2; net_result_r=nan; review=TP and SL inside the same candle: intrabar order unknown; human review required,1,2026-09-02T11:18:24+00:00,maybe,yes,maybe,n/a,47,TP and SL inside the same candle: intrabar order unknown; human review required
R1-SWP-002178,SWP-002178,agent_5,incorrect,primary_outcome=tp; exit=target; wick_ratio=0.3701923076923119; penetration_atr=0.35038932146833757; reclaim_atr=1.0862068965517226; level_id=rolling_low; bars_held=6; net_result_r=2.0; review=marginal pattern: tiny wick/penetration candidate for spread noise,1,2026-09-02T11:18:24+00:00,no,yes,no,n/a,47,marginal pattern: tiny wick/penetration candidate for spread noise
R1-SWP-002185,SWP-002185,agent_5,ambiguous,primary_outcome=sl; exit=stop; wick_ratio=0.7835616438356048; penetration_atr=0.1357436318816053; reclaim_atr=0.5222678718159374; level_id=rolling_high; bars_held=8; net_result_r=-1.0; review=between clean and marginal thresholds; human review required,1,2026-09-02T11:18:24+00:00,maybe,yes,maybe,n/a,50,between clean and marginal thresholds; human review required
R1-SWP-002191,SWP-002191,agent_5,correct,primary_outcome=sl; exit=stop; wick_ratio=0.5734265734265945; penetration_atr=0.15616797900255294; reclaim_atr=0.38582677165361184; level_id=rolling_low; bars_held=2; net_result_r=-1.0; review=textbook sweep: clean directional wick with clear penetration,1,2026-09-02T11:18:24+00:00,yes,yes,yes,n/a,41,textbook sweep: clean directional wick with clear penetration
R1-SWP-002193,SWP-002193,agent_5,correct,primary_outcome=tp; exit=target; wick_ratio=0.6952191235059352; penetration_atr=0.3779793292553537; reclaim_atr=1.054207973001518; level_id=rolling_high; bars_held=3; net_result_r=2.0; review=textbook sweep: clean directional wick with clear penetration,1,2026-09-02T11:18:24+00:00,yes,yes,yes,n/a,65,textbook sweep: clean directional wick with clear penetration
R1-SWP-002201,SWP-002201,agent_5,incorrect,primary_outcome=tp; exit=target; wick_ratio=0.3842794759825865; penetration_atr=0.17497569781976552; reclaim_atr=0.1341480349951506; level_id=rolling_low; bars_held=2; net_result_r=2.0; review=marginal pattern: tiny wick/penetration candidate for spread noise,1,2026-09-02T11:18:24+00:00,no,yes,no,n/a,33,marginal pattern: tiny wick/penetration candidate for spread noise
R1-SWP-002222,SWP-002222,agent_5,correct,primary_outcome=sl; exit=stop; wick_ratio=0.572755417956625; penetration_atr=0.20264591439685006; reclaim_atr=0.6035797665369568; level_id=rolling_low; bars_held=2; net_result_r=-1.0; review=textbook sweep: clean directional wick with clear penetration,1,2026-09-02T11:18:24+00:00,yes,yes,yes,n/a,45,textbook sweep: clean directional wick with clear penetration
R1-SWP-002223,SWP-002223,agent_5,correct,primary_outcome=time; exit=time; wick_ratio=0.7593360995850301; penetration_atr=0.2527528809218677; reclaim_atr=0.7313700384122754; level_id=rolling_low; bars_held=16; net_result_r=0.61151335311568; review=textbook sweep: clean directional wick with clear penetration,1,2026-09-02T11:18:24+00:00,yes,yes,yes,n/a,58,textbook sweep: clean directional wick with clear penetration
R1-SWP-002242,SWP-002242,agent_5,ambiguous,primary_outcome=sl; exit=stop; wick_ratio=0.42231075697223425; penetration_atr=0.21933333333334276; reclaim_atr=0.2403333333333764; level_id=rolling_high; bars_held=1; net_result_r=-1.0; review=between clean and marginal thresholds; human review required,1,2026-09-02T11:18:24+00:00,maybe,yes,maybe,n/a,39,between clean and marginal thresholds; human review required
R1-SWP-002257,SWP-002257,agent_5,correct,primary_outcome=time; exit=time; wick_ratio=0.5848563968669136; penetration_atr=0.42807763892586553; reclaim_atr=0.9119914916246995; level_id=rolling_low; bars_held=16; net_result_r=0.7120216328502978; review=textbook sweep: clean directional wick with clear penetration,1,2026-09-02T11:18:24+00:00,yes,yes,yes,n/a,63,textbook sweep: clean directional wick with clear penetration
R1-SWP-002268,SWP-002268,agent_5,ambiguous,primary_outcome=sl; exit=stop; wick_ratio=0.41102756892229636; penetration_atr=0.34085324994421506; reclaim_atr=0.8443153897699045; level_id=rolling_low; bars_held=10; net_result_r=-1.0; review=between clean and marginal thresholds; human review required,1,2026-09-02T11:18:24+00:00,maybe,yes,maybe,n/a,48,between clean and marginal thresholds; human review required
R1-SWP-002273,SWP-002273,agent_5,incorrect,primary_outcome=sl; exit=stop; wick_ratio=0.37349397590358147; penetration_atr=0.0706796116504224; reclaim_atr=0.42135922330102776; level_id=rolling_high; bars_held=1; net_result_r=-1.0; review=marginal pattern: tiny wick/penetration candidate for spread noise,1,2026-09-02T11:18:24+00:00,no,yes,no,n/a,24,marginal pattern: tiny wick/penetration candidate for spread noise
R1-SWP-002291,SWP-002291,agent_5,incorrect,primary_outcome=tp; exit=target; wick_ratio=0.37853107344637266; penetration_atr=0.07936507936500366; reclaim_atr=0.45238095238106224; level_id=rolling_low; bars_held=1; net_result_r=2.0; review=marginal pattern: tiny wick/penetration candidate for spread noise,1,2026-09-02T11:18:24+00:00,no,yes,no,n/a,25,marginal pattern: tiny wick/penetration candidate for spread noise
R1-SWP-002408,SWP-002408,agent_5,ambiguous,primary_outcome=ambiguous; exit=ambiguous; wick_ratio=0.5993690851733731; penetration_atr=0.17354632587855845; reclaim_atr=0.3614057507987188; level_id=rolling_low; bars_held=8; net_result_r=nan; review=TP and SL inside the same candle: intrabar order unknown; human review required,1,2026-09-02T11:18:24+00:00,maybe,yes,maybe,n/a,44,TP and SL inside the same candle: intrabar order unknown; human review required
R1-SWP-002434,SWP-002434,agent_5,correct,primary_outcome=tp; exit=target; wick_ratio=0.7100591715975025; penetration_atr=0.48973042361989616; reclaim_atr=0.049422336328684605; level_id=rolling_high; bars_held=2; net_result_r=2.0; review=textbook sweep: clean directional wick with clear penetration,1,2026-09-02T11:18:24+00:00,yes,yes,yes,n/a,75,textbook sweep: clean directional wick with clear penetration
R1-SWP-002450,SWP-002450,agent_5,ambiguous,primary_outcome=ambiguous; exit=ambiguous; wick_ratio=0.3713235294118102; penetration_atr=0.30009743423203; reclaim_atr=0.1955180253328232; level_id=rolling_high; bars_held=1; net_result_r=nan; review=TP and SL inside the same candle: intrabar order unknown; human review required,1,2026-09-02T11:18:24+00:00,maybe,yes,maybe,n/a,43,TP and SL inside the same candle: intrabar order unknown; human review required
R1-SWP-002460,SWP-002460,agent_5,ambiguous,primary_outcome=time; exit=time; wick_ratio=0.4611801242235675; penetration_atr=0.1910393450079289; reclaim_atr=0.31362292472143805; level_id=rolling_high; bars_held=16; net_result_r=0.14773947495086287; review=between clean and marginal thresholds; human review required,1,2026-09-02T11:18:24+00:00,maybe,yes,maybe,n/a,38,between clean and marginal thresholds; human review required
R1-SWP-002480,SWP-002480,agent_5,correct,primary_outcome=tp; exit=target; wick_ratio=0.6331658291456793; penetration_atr=0.3838120104437131; reclaim_atr=0.32441253263708403; level_id=rolling_low; bars_held=2; net_result_r=2.0; review=textbook sweep: clean directional wick with clear penetration,1,2026-09-02T11:18:24+00:00,yes,yes,yes,n/a,62,textbook sweep: clean directional wick with clear penetration
R1-SWP-002485,SWP-002485,agent_5,ambiguous,primary_outcome=ambiguous; exit=ambiguous; wick_ratio=0.515873015872824; penetration_atr=0.17607487569458963; reclaim_atr=0.09008482012276565; level_id=rolling_high; bars_held=1; net_result_r=nan; review=TP and SL inside the same candle: intrabar order unknown; human review required,1,2026-09-02T11:18:24+00:00,maybe,yes,maybe,n/a,40,TP and SL inside the same candle: intrabar order unknown; human review required
R1-SWP-002489,SWP-002489,agent_5,correct,primary_outcome=sl; exit=stop; wick_ratio=0.5363984674329588; penetration_atr=0.4025075659316705; reclaim_atr=0.021184608733296518; level_id=rolling_high; bars_held=3; net_result_r=-1.0; review=textbook sweep: clean directional wick with clear penetration,1,2026-09-02T11:18:24+00:00,yes,yes,yes,n/a,59,textbook sweep: clean directional wick with clear penetration
R1-SWP-002493,SWP-002493,agent_5,correct,primary_outcome=tp; exit=target; wick_ratio=0.5514705882352425; penetration_atr=0.40889603429801136; reclaim_atr=0.15380493033220438; level_id=rolling_high; bars_held=6; net_result_r=2.0; review=textbook sweep: clean directional wick with clear penetration,1,2026-09-02T11:18:24+00:00,yes,yes,yes,n/a,60,textbook sweep: clean directional wick with clear penetration
R1-SWP-002509,SWP-002509,agent_5,incorrect,primary_outcome=sl; exit=stop; wick_ratio=0.3892773892774095; penetration_atr=0.49289306800790617; reclaim_atr=0.16531817187840395; level_id=rolling_high; bars_held=6; net_result_r=-1.0; review=marginal pattern: tiny wick/penetration candidate for spread noise,1,2026-09-02T11:18:24+00:00,no,yes,no,n/a,59,marginal pattern: tiny wick/penetration candidate for spread noise
R1-SWP-002549,SWP-002549,agent_5,ambiguous,primary_outcome=time; exit=time; wick_ratio=0.40783744557329427; penetration_atr=0.3946386624291819; reclaim_atr=0.6964211689926687; level_id=rolling_high; bars_held=16; net_result_r=1.1194040582711358; review=between clean and marginal thresholds; human review required,1,2026-09-02T11:18:24+00:00,maybe,yes,maybe,n/a,52,between clean and marginal thresholds; human review required
R1-SWP-002579,SWP-002579,agent_5,correct,primary_outcome=tp; exit=target; wick_ratio=0.626923076923086; penetration_atr=0.3335235378031555; reclaim_atr=0.599144079885882; level_id=rolling_high; bars_held=9; net_result_r=2.0; review=textbook sweep: clean directional wick with clear penetration,1,2026-09-02T11:18:24+00:00,yes,yes,yes,n/a,58,textbook sweep: clean directional wick with clear penetration
R1-SWP-002582,SWP-002582,agent_5,ambiguous,primary_outcome=tp; exit=target; wick_ratio=0.4487951807228652; penetration_atr=0.21969478836733897; reclaim_atr=0.0806219406853032; level_id=rolling_high; bars_held=2; net_result_r=2.0; review=between clean and marginal thresholds; human review required,1,2026-09-02T11:18:24+00:00,maybe,yes,maybe,n/a,40,between clean and marginal thresholds; human review required
R1-SWP-002624,SWP-002624,agent_5,correct,primary_outcome=tp; exit=target; wick_ratio=0.6984126984126278; penetration_atr=0.25180493983535085; reclaim_atr=0.25712476250788324; level_id=rolling_high; bars_held=3; net_result_r=2.0; review=textbook sweep: clean directional wick with clear penetration,1,2026-09-02T11:18:24+00:00,yes,yes,yes,n/a,55,textbook sweep: clean directional wick with clear penetration
R1-SWP-002701,SWP-002701,agent_5,ambiguous,primary_outcome=tp; exit=target; wick_ratio=0.4706703910614468; penetration_atr=0.29049752416871505; reclaim_atr=1.980664937514744; level_id=rolling_high; bars_held=7; net_result_r=2.0; review=between clean and marginal thresholds; human review required,1,2026-09-02T11:18:24+00:00,maybe,yes,maybe,n/a,47,between clean and marginal thresholds; human review required
R1-SWP-002708,SWP-002708,agent_5,ambiguous,primary_outcome=tp; exit=target; wick_ratio=0.601562500000034; penetration_atr=0.13562970936489768; reclaim_atr=0.6379619662720742; level_id=rolling_low; bars_held=5; net_result_r=2.0; review=between clean and marginal thresholds; human review required,1,2026-09-02T11:18:24+00:00,maybe,yes,maybe,n/a,41,between clean and marginal thresholds; human review required
R1-SWP-002710,SWP-002710,agent_5,correct,primary_outcome=sl; exit=stop; wick_ratio=0.6452464788732516; penetration_atr=0.4487796493640478; reclaim_atr=0.43313853557922877; level_id=rolling_low; bars_held=3; net_result_r=-1.0; review=textbook sweep: clean directional wick with clear penetration,1,2026-09-02T11:18:24+00:00,yes,yes,yes,n/a,68,textbook sweep: clean directional wick with clear penetration
R1-SWP-002720,SWP-002720,agent_5,ambiguous,primary_outcome=sl; exit=stop; wick_ratio=0.40085592011416726; penetration_atr=0.26700869953157114; reclaim_atr=0.17175998215486502; level_id=rolling_low; bars_held=1; net_result_r=-1.0; review=between clean and marginal thresholds; human review required,1,2026-09-02T11:18:24+00:00,maybe,yes,maybe,n/a,41,between clean and marginal thresholds; human review required
R1-SWP-002740,SWP-002740,agent_5,correct,primary_outcome=tp; exit=target; wick_ratio=0.5260323159784541; penetration_atr=0.3976512358323001; reclaim_atr=0.5238290318175257; level_id=rolling_low; bars_held=4; net_result_r=2.0; review=textbook sweep: clean directional wick with clear penetration,1,2026-09-02T11:18:24+00:00,yes,yes,yes,n/a,58,textbook sweep: clean directional wick with clear penetration
R1-SWP-002742,SWP-002742,agent_5,ambiguous,primary_outcome=tp; exit=target; wick_ratio=0.4334975369458139; penetration_atr=0.3871763255239789; reclaim_atr=0.2638717632552851; level_id=rolling_low; bars_held=6; net_result_r=2.0; review=between clean and marginal thresholds; human review required,1,2026-09-02T11:18:24+00:00,maybe,yes,maybe,n/a,53,between clean and marginal thresholds; human review required
R1-SWP-002779,SWP-002779,agent_5,ambiguous,primary_outcome=ambiguous; exit=ambiguous; wick_ratio=0.352941176470531; penetration_atr=0.2973339358336002; reclaim_atr=0.12019882512430705; level_id=rolling_low; bars_held=1; net_result_r=nan; review=TP and SL inside the same candle: intrabar order unknown; human review required,1,2026-09-02T11:18:24+00:00,maybe,yes,maybe,n/a,41,TP and SL inside the same candle: intrabar order unknown; human review required
R1-SWP-002788,SWP-002788,agent_5,ambiguous,primary_outcome=sl; exit=stop; wick_ratio=0.41935483870965967; penetration_atr=0.10718774997144266; reclaim_atr=0.22557422008910766; level_id=rolling_low; bars_held=1; net_result_r=-1.0; review=between clean and marginal thresholds; human review required,1,2026-09-02T11:18:24+00:00,maybe,yes,maybe,n/a,30,between clean and marginal thresholds; human review required
R1-SWP-002794,SWP-002794,agent_5,incorrect,primary_outcome=tp; exit=target; wick_ratio=0.4918699186991006; penetration_atr=0.08395802098943012; reclaim_atr=0.2335082458770315; level_id=rolling_low; bars_held=2; net_result_r=2.0; review=marginal pattern: tiny wick/penetration candidate for spread noise,1,2026-09-02T11:18:24+00:00,no,yes,no,n/a,31,marginal pattern: tiny wick/penetration candidate for spread noise
R1-SWP-002817,SWP-002817,agent_5,ambiguous,primary_outcome=sl; exit=stop; wick_ratio=0.6022727272726216; penetration_atr=0.11149825783972551; reclaim_atr=0.13472706155631298; level_id=rolling_high; bars_held=1; net_result_r=-1.0; review=between clean and marginal thresholds; human review required,1,2026-09-02T11:18:24+00:00,maybe,yes,maybe,n/a,39,between clean and marginal thresholds; human review required
R1-SWP-002843,SWP-002843,agent_5,correct,primary_outcome=sl; exit=stop; wick_ratio=0.7885264341957102; penetration_atr=0.4734520503185015; reclaim_atr=1.1298807384414262; level_id=rolling_low; bars_held=2; net_result_r=-1.0; review=textbook sweep: clean directional wick with clear penetration,1,2026-09-02T11:18:24+00:00,yes,yes,yes,n/a,77,textbook sweep: clean directional wick with clear penetration
R1-SWP-002846,SWP-002846,agent_5,correct,primary_outcome=tp; exit=target; wick_ratio=0.5714285714285987; penetration_atr=0.18263350998786032; reclaim_atr=0.5935589074602217; level_id=rolling_high; bars_held=5; net_result_r=2.0; review=textbook sweep: clean directional wick with clear penetration,1,2026-09-02T11:18:24+00:00,yes,yes,yes,n/a,43,textbook sweep: clean directional wick with clear penetration
R1-SWP-002906,SWP-002906,agent_5,ambiguous,primary_outcome=ambiguous; exit=ambiguous; wick_ratio=0.6242603550296033; penetration_atr=0.17499999999993693; reclaim_atr=1.139634146341488; level_id=rolling_low; bars_held=1; net_result_r=nan; review=TP and SL inside the same candle: intrabar order unknown; human review required,1,2026-09-02T11:18:24+00:00,maybe,yes,maybe,n/a,45,TP and SL inside the same candle: intrabar order unknown; human review required
R1-SWP-002917,SWP-002917,agent_5,ambiguous,primary_outcome=ambiguous; exit=ambiguous; wick_ratio=0.44755244755258544; penetration_atr=0.14794789874672074; reclaim_atr=0.07225362496929234; level_id=rolling_low; bars_held=1; net_result_r=nan; review=TP and SL inside the same candle: intrabar order unknown; human review required,1,2026-09-02T11:18:24+00:00,maybe,yes,maybe,n/a,34,TP and SL inside the same candle: intrabar order unknown; human review required
R1-SWP-002943,SWP-002943,agent_5,correct,primary_outcome=tp; exit=target; wick_ratio=0.7575757575758086; penetration_atr=0.24212700051628994; reclaim_atr=0.8094992256065339; level_id=rolling_low; bars_held=4; net_result_r=2.0; review=textbook sweep: clean directional wick with clear penetration,1,2026-09-02T11:18:24+00:00,yes,yes,yes,n/a,57,textbook sweep: clean directional wick with clear penetration
R1-SWP-002950,SWP-002950,agent_5,correct,primary_outcome=time; exit=time; wick_ratio=0.5765054294175798; penetration_atr=0.3089046493301841; reclaim_atr=0.6115051221434314; level_id=rolling_low; bars_held=16; net_result_r=-0.7292699671980483; review=textbook sweep: clean directional wick with clear penetration,1,2026-09-02T11:18:24+00:00,yes,yes,yes,n/a,54,textbook sweep: clean directional wick with clear penetration
R1-SWP-002956,SWP-002956,agent_5,ambiguous,primary_outcome=ambiguous; exit=ambiguous; wick_ratio=0.36363636363639495; penetration_atr=0.3096623981374527; reclaim_atr=0.08149010477291635; level_id=rolling_low; bars_held=2; net_result_r=nan; review=TP and SL inside the same candle: intrabar order unknown; human review required,1,2026-09-02T11:18:24+00:00,maybe,yes,maybe,n/a,43,TP and SL inside the same candle: intrabar order unknown; human review required
R1-SWP-002975,SWP-002975,agent_5,correct,primary_outcome=sl; exit=stop; wick_ratio=0.519607843137282; penetration_atr=0.3060606060605356; reclaim_atr=1.0757575757576352; level_id=rolling_low; bars_held=1; net_result_r=-1.0; review=textbook sweep: clean directional wick with clear penetration,1,2026-09-02T11:18:24+00:00,yes,yes,yes,n/a,50,textbook sweep: clean directional wick with clear penetration
R1-SWP-003031,SWP-003031,agent_5,incorrect,primary_outcome=sl; exit=stop; wick_ratio=0.3756097560975604; penetration_atr=0.09874396135265989; reclaim_atr=0.10956521739129745; level_id=rolling_high; bars_held=2; net_result_r=-1.0; review=marginal pattern: tiny wick/penetration candidate for spread noise,1,2026-09-02T11:18:24+00:00,no,yes,no,n/a,27,marginal pattern: tiny wick/penetration candidate for spread noise
R1-SWP-003050,SWP-003050,agent_5,correct,primary_outcome=time; exit=time; wick_ratio=0.7643478260869383; penetration_atr=0.24923830575306888; reclaim_atr=1.2211004241590913; level_id=rolling_high; bars_held=16; net_result_r=1.251639051138406; review=textbook sweep: clean directional wick with clear penetration,1,2026-09-02T11:18:24+00:00,yes,yes,yes,n/a,58,textbook sweep: clean directional wick with clear penetration
R1-SWP-003161,SWP-003161,agent_5,correct,primary_outcome=sl; exit=stop; wick_ratio=0.6781292984868916; penetration_atr=0.38114444164352423; reclaim_atr=0.5558356440634461; level_id=rolling_low; bars_held=2; net_result_r=-1.0; review=textbook sweep: clean directional wick with clear penetration,1,2026-09-02T11:18:24+00:00,yes,yes,yes,n/a,64,textbook sweep: clean directional wick with clear penetration
R1-SWP-003205,SWP-003205,agent_5,correct,primary_outcome=sl; exit=stop; wick_ratio=0.6791208791208199; penetration_atr=0.23669508967944228; reclaim_atr=0.675095560129353; level_id=rolling_high; bars_held=2; net_result_r=-1.0; review=textbook sweep: clean directional wick with clear penetration,1,2026-09-02T11:18:24+00:00,yes,yes,yes,n/a,53,textbook sweep: clean directional wick with clear penetration
R1-SWP-003233,SWP-003233,agent_5,correct,primary_outcome=time; exit=time; wick_ratio=0.5908141962421605; penetration_atr=0.3557247196790819; reclaim_atr=1.649007303775305; level_id=rolling_low; bars_held=16; net_result_r=1.753426808859441; review=textbook sweep: clean directional wick with clear penetration,1,2026-09-02T11:18:24+00:00,yes,yes,yes,n/a,58,textbook sweep: clean directional wick with clear penetration
R1-SWP-003236,SWP-003236,agent_5,incorrect,primary_outcome=tp; exit=target; wick_ratio=0.39031925849639026; penetration_atr=0.28101265822775967; reclaim_atr=0.687341772151922; level_id=rolling_low; bars_held=12; net_result_r=2.0; review=marginal pattern: tiny wick/penetration candidate for spread noise,1,2026-09-02T11:18:24+00:00,no,yes,no,n/a,42,marginal pattern: tiny wick/penetration candidate for spread noise
R1-SWP-003239,SWP-003239,agent_5,ambiguous,primary_outcome=ambiguous; exit=ambiguous; wick_ratio=0.42189281641961435; penetration_atr=0.41136931054343656; reclaim_atr=0.0860380257346333; level_id=rolling_low; bars_held=1; net_result_r=nan; review=TP and SL inside the same candle: intrabar order unknown; human review required,1,2026-09-02T11:18:24+00:00,maybe,yes,maybe,n/a,54,TP and SL inside the same candle: intrabar order unknown; human review required
R1-SWP-003249,SWP-003249,agent_5,ambiguous,primary_outcome=sl; exit=stop; wick_ratio=0.49076212471132463; penetration_atr=0.3916083916084435; reclaim_atr=0.5117609663063982; level_id=rolling_high; bars_held=2; net_result_r=-1.0; review=between clean and marginal thresholds; human review required,1,2026-09-02T11:18:24+00:00,maybe,yes,maybe,n/a,56,between clean and marginal thresholds; human review required
R1-SWP-003264,SWP-003264,agent_5,ambiguous,primary_outcome=time; exit=time; wick_ratio=0.4515410323059834; penetration_atr=0.47249999999996595; reclaim_atr=0.9187500000000222; level_id=rolling_high; bars_held=16; net_result_r=0.42344230231907687; review=between clean and marginal thresholds; human review required,1,2026-09-02T11:18:24+00:00,maybe,yes,maybe,n/a,60,between clean and marginal thresholds; human review required
R1-SWP-003272,SWP-003272,agent_5,correct,primary_outcome=sl; exit=stop; wick_ratio=0.786186186186212; penetration_atr=0.38281516080376865; reclaim_atr=0.7002384080182776; level_id=rolling_high; bars_held=5; net_result_r=-1.0; review=textbook sweep: clean directional wick with clear penetration,1,2026-09-02T11:18:24+00:00,yes,yes,yes,n/a,70,textbook sweep: clean directional wick with clear penetration
R1-SWP-003314,SWP-003314,agent_5,ambiguous,primary_outcome=tp; exit=target; wick_ratio=0.4338440111420408; penetration_atr=0.4730362638832392; reclaim_atr=0.3493911414425664; level_id=rolling_high; bars_held=3; net_result_r=2.0; review=between clean and marginal thresholds; human review required,1,2026-09-02T11:18:24+00:00,maybe,yes,maybe,n/a,60,between clean and marginal thresholds; human review required
R1-SWP-003348,SWP-003348,agent_5,ambiguous,primary_outcome=ambiguous; exit=ambiguous; wick_ratio=0.5143338954469251; penetration_atr=0.47701221816347916; reclaim_atr=0.06083889658651616; level_id=rolling_high; bars_held=1; net_result_r=nan; review=TP and SL inside the same candle: intrabar order unknown; human review required,1,2026-09-02T11:18:24+00:00,maybe,yes,maybe,n/a,64,TP and SL inside the same candle: intrabar order unknown; human review required
R1-SWP-003374,SWP-003374,agent_5,correct,primary_outcome=time; exit=time; wick_ratio=0.5303697183098612; penetration_atr=0.15527791942884323; reclaim_atr=0.7844212136664929; level_id=rolling_low; bars_held=16; net_result_r=0.6211035295272643; review=textbook sweep: clean directional wick with clear penetration,1,2026-09-02T11:18:24+00:00,yes,yes,yes,n/a,39,textbook sweep: clean directional wick with clear penetration
R1-SWP-003379,SWP-003379,agent_5,correct,primary_outcome=time; exit=time; wick_ratio=0.5896921017402887; penetration_atr=0.4882521781096652; reclaim_atr=1.5621936041047644; level_id=rolling_low; bars_held=16; net_result_r=0.4013422961485251; review=textbook sweep: clean directional wick with clear penetration,1,2026-09-02T11:18:24+00:00,yes,yes,yes,n/a,69,textbook sweep: clean directional wick with clear penetration
R1-SWP-003407,SWP-003407,agent_5,incorrect,primary_outcome=sl; exit=stop; wick_ratio=0.36594724220623387; penetration_atr=0.17804406648632368; reclaim_atr=0.40533436412831964; level_id=rolling_low; bars_held=1; net_result_r=-1.0; review=marginal pattern: tiny wick/penetration candidate for spread noise,1,2026-09-02T11:18:24+00:00,no,yes,no,n/a,33,marginal pattern: tiny wick/penetration candidate for spread noise
R1-SWP-003421,SWP-003421,agent_5,correct,primary_outcome=sl; exit=stop; wick_ratio=0.8296109510086298; penetration_atr=0.3893048128342301; reclaim_atr=1.3347593582887334; level_id=rolling_low; bars_held=11; net_result_r=-1.0; review=textbook sweep: clean directional wick with clear penetration,1,2026-09-02T11:18:24+00:00,yes,yes,yes,n/a,73,textbook sweep: clean directional wick with clear penetration
R1-SWP-003439,SWP-003439,agent_5,ambiguous,primary_outcome=sl; exit=stop; wick_ratio=0.49661121380158396; penetration_atr=0.3101793188188518; reclaim_atr=0.12310409707022835; level_id=rolling_high; bars_held=1; net_result_r=-1.0; review=between clean and marginal thresholds; human review required,1,2026-09-02T11:18:24+00:00,maybe,yes,maybe,n/a,50,between clean and marginal thresholds; human review required
R1-SWP-003449,SWP-003449,agent_5,correct,primary_outcome=tp; exit=target; wick_ratio=0.645440251572317; penetration_atr=0.2074462394350769; reclaim_atr=0.4074034449556378; level_id=rolling_high; bars_held=2; net_result_r=2.0; review=textbook sweep: clean directional wick with clear penetration,1,2026-09-02T11:18:24+00:00,yes,yes,yes,n/a,49,textbook sweep: clean directional wick with clear penetration
R1-SWP-003461,SWP-003461,agent_5,ambiguous,primary_outcome=ambiguous; exit=ambiguous; wick_ratio=0.36533957845432136; penetration_atr=0.11457286432154938; reclaim_atr=0.298492462311583; level_id=rolling_high; bars_held=2; net_result_r=nan; review=TP and SL inside the same candle: intrabar order unknown; human review required,1,2026-09-02T11:18:24+00:00,maybe,yes,maybe,n/a,27,TP and SL inside the same candle: intrabar order unknown; human review required
R1-SWP-003479,SWP-003479,agent_5,correct,primary_outcome=time; exit=time; wick_ratio=0.6872822299651322; penetration_atr=0.2406211830395294; reclaim_atr=0.7230849764439112; level_id=rolling_high; bars_held=16; net_result_r=1.0724889683569268; review=textbook sweep: clean directional wick with clear penetration,1,2026-09-02T11:18:24+00:00,yes,yes,yes,n/a,54,textbook sweep: clean directional wick with clear penetration
R1-SWP-003529,SWP-003529,agent_5,ambiguous,primary_outcome=sl; exit=stop; wick_ratio=0.6053042121684465; penetration_atr=0.10795618333810754; reclaim_atr=0.6749783799365352; level_id=rolling_high; bars_held=3; net_result_r=-1.0; review=between clean and marginal thresholds; human review required,1,2026-09-02T11:18:24+00:00,maybe,yes,maybe,n/a,39,between clean and marginal thresholds; human review required
R1-SWP-003534,SWP-003534,agent_5,incorrect,primary_outcome=tp; exit=target; wick_ratio=0.35750543872373486; penetration_atr=0.2575866188769345; reclaim_atr=0.7735961768219808; level_id=rolling_high; bars_held=11; net_result_r=2.0; review=marginal pattern: tiny wick/penetration candidate for spread noise,1,2026-09-02T11:18:24+00:00,no,yes,no,n/a,38,marginal pattern: tiny wick/penetration candidate for spread noise
R1-SWP-003621,SWP-003621,agent_5,incorrect,primary_outcome=sl; exit=stop; wick_ratio=0.422924901185802; penetration_atr=0.07723743359219244; reclaim_atr=0.25269036915948245; level_id=rolling_high; bars_held=6; net_result_r=-1.0; review=marginal pattern: tiny wick/penetration candidate for spread noise,1,2026-09-02T11:18:24+00:00,no,yes,no,n/a,27,marginal pattern: tiny wick/penetration candidate for spread noise
R1-SWP-003641,SWP-003641,agent_5,ambiguous,primary_outcome=ambiguous; exit=ambiguous; wick_ratio=0.5063985374771212; penetration_atr=0.3802060970373876; reclaim_atr=0.36066981537142; level_id=rolling_low; bars_held=4; net_result_r=nan; review=TP and SL inside the same candle: intrabar order unknown; human review required,1,2026-09-02T11:18:24+00:00,maybe,yes,maybe,n/a,56,TP and SL inside the same candle: intrabar order unknown; human review required
R1-SWP-003645,SWP-003645,agent_5,correct,primary_outcome=sl; exit=stop; wick_ratio=0.5846538782318508; penetration_atr=0.26302305721599584; reclaim_atr=0.6681848372711129; level_id=rolling_low; bars_held=2; net_result_r=-1.0; review=textbook sweep: clean directional wick with clear penetration,1,2026-09-02T11:18:24+00:00,yes,yes,yes,n/a,50,textbook sweep: clean directional wick with clear penetration
R1-SWP-003648,SWP-003648,agent_5,correct,primary_outcome=tp; exit=target; wick_ratio=0.7418879056047274; penetration_atr=0.44631688672690467; reclaim_atr=0.16539263377347008; level_id=rolling_high; bars_held=5; net_result_r=2.0; review=textbook sweep: clean directional wick with clear penetration,1,2026-09-02T11:18:24+00:00,yes,yes,yes,n/a,73,textbook sweep: clean directional wick with clear penetration
R1-SWP-003656,SWP-003656,agent_5,ambiguous,primary_outcome=ambiguous; exit=ambiguous; wick_ratio=0.4357682619648267; penetration_atr=0.09645390070926221; reclaim_atr=0.24255319148936955; level_id=rolling_low; bars_held=1; net_result_r=nan; review=TP and SL inside the same candle: intrabar order unknown; human review required,1,2026-09-02T11:18:24+00:00,maybe,yes,maybe,n/a,30,TP and SL inside the same candle: intrabar order unknown; human review required
R1-SWP-003665,SWP-003665,agent_5,correct,primary_outcome=sl; exit=stop; wick_ratio=0.5158562367864944; penetration_atr=0.3414634146342394; reclaim_atr=0.7359125315391128; level_id=rolling_high; bars_held=2; net_result_r=-1.0; review=textbook sweep: clean directional wick with clear penetration,1,2026-09-02T11:18:24+00:00,yes,yes,yes,n/a,53,textbook sweep: clean directional wick with clear penetration
R1-SWP-003714,SWP-003714,agent_5,correct,primary_outcome=sl; exit=stop; wick_ratio=0.9529147982062702; penetration_atr=0.3413027108433349; reclaim_atr=0.21875000000004213; level_id=rolling_low; bars_held=1; net_result_r=-1.0; review=textbook sweep: clean directional wick with clear penetration,1,2026-09-02T11:18:24+00:00,yes,yes,yes,n/a,75,textbook sweep: clean directional wick with clear penetration
R1-SWP-003733,SWP-003733,agent_5,ambiguous,primary_outcome=sl; exit=stop; wick_ratio=0.42674253200570533; penetration_atr=0.2987531969309547; reclaim_atr=0.04923273657284529; level_id=rolling_high; bars_held=4; net_result_r=-1.0; review=between clean and marginal thresholds; human review required,1,2026-09-02T11:18:24+00:00,maybe,yes,maybe,n/a,45,between clean and marginal thresholds; human review required
R1-SWP-003747,SWP-003747,agent_5,ambiguous,primary_outcome=ambiguous; exit=ambiguous; wick_ratio=0.35032362459547267; penetration_atr=0.421242513889898; reclaim_atr=0.01616278230751108; level_id=rolling_low; bars_held=2; net_result_r=nan; review=TP and SL inside the same candle: intrabar order unknown; human review required,1,2026-09-02T11:18:24+00:00,maybe,yes,maybe,n/a,51,TP and SL inside the same candle: intrabar order unknown; human review required
R1-SWP-003754,SWP-003754,agent_5,ambiguous,primary_outcome=ambiguous; exit=ambiguous; wick_ratio=0.6398713826366882; penetration_atr=0.25863633936676145; reclaim_atr=0.18762347162156673; level_id=rolling_high; bars_held=1; net_result_r=nan; review=TP and SL inside the same candle: intrabar order unknown; human review required,1,2026-09-02T11:18:24+00:00,maybe,yes,maybe,n/a,53,TP and SL inside the same candle: intrabar order unknown; human review required
